OrderID,CustomerID,ProductID,OrderDate,Price,Discount,Quantity,DeliveryTime,Returned,Age,CityTier,Income,TotalOrders,CLV,Churn,Category,MRP,Cost,Rating,Week,Month,DayOfWeek
1,68,P10,2024-01-01 00:00:00,1296,0,3,6.3,1,25.0,2,41830.15,2,13390.37,0,Earphones,856,957,3.3,1,1,0
2,253,P9,2024-01-01 08:00:00,1128,20,1,1.6,0,20.0,3,17117.12,4,4414.19,1,LaptopAccessory,2448,630,4.0,1,1,0
3,410,P13,2024-01-01 16:00:00,2151,5,3,5.2,0,20.0,2,37906.16,2,13177.54,0,LaptopAccessory,2420,1277,,1,1,0
4,459,P19,2024-01-02 00:00:00,2173,20,1,1.0,0,20.0,1,30415.57,4,6646.24,0,Earphones,3709,1603,3.7,1,1,1
5,2,P21,2024-01-02 08:00:00,1754,20,2,5.3,0,46.0,2,35356.8,1,9201.86,0,Earphones,1727,1254,3.7,1,1,1
6,398,P24,2024-01-02 16:00:00,2978,15,1,3.7,0,18.0,2,39441.67,2,9475.18,0,Cable,2454,886,2.8,1,1,1
7,108,P6,2024-01-03 00:00:00,4621,5,1,7.0,1,54.0,3,32259.33,3,7377.29,0,Earphones,2621,1087,4.6,1,1,2
8,286,P4,2024-01-03 08:00:00,1194,20,1,1.7,0,50.0,1,51406.22,2,17054.35,0,Cable,885,254,4.3,1,1,2
9,49,P24,2024-01-03 16:00:00,812,5,3,,0,52.0,3,30627.72,2,8051.37,0,Cable,2454,886,2.8,1,1,2
10,140,P3,2024-01-04 00:00:00,2793,10,1,3.3,0,46.0,3,28483.04,4,8887.49,1,LaptopAccessory,451,1202,,1,1,3
11,218,P3,2024-01-04 08:00:00,795,10,1,3.7,0,43.0,1,43287.25,4,9813.96,0,LaptopAccessory,451,1202,,1,1,3
12,44,P4,2024-01-04 16:00:00,1041,10,1,3.3,0,19.0,1,54740.36,2,11369.47,0,Cable,885,254,4.3,1,1,3
13,417,P25,2024-01-05 00:00:00,4639,20,2,3.3,0,31.0,1,37139.76,3,7091.79,0,Earphones,3991,372,,1,1,4
14,269,P5,2024-01-05 08:00:00,1058,10,1,3.3,0,35.0,1,42947.82,1,8911.11,0,Cable,1212,1906,4.5,1,1,4
15,78,P8,2024-01-05 16:00:00,644,15,3,1.0,0,58.0,3,31563.0,3,11815.11,0,Cable,795,346,4.5,1,1,4
16,216,P16,2024-01-06 00:00:00,1988,15,1,6.0,0,53.0,3,72448.82,3,23133.23,0,Cable,456,191,2.7,1,1,5
17,382,P22,2024-01-06 08:00:00,4517,20,1,9.7,1,52.0,2,32593.65,3,10787.19,0,Smartwatch,3747,549,4.2,1,1,5
18,98,P3,2024-01-06 16:00:00,3654,5,2,4.6,0,58.0,1,43115.32,6,12150.23,0,LaptopAccessory,451,1202,,1,1,5
19,236,P24,2024-01-07 00:00:00,4152,0,1,1.7,0,47.0,3,39013.75,2,9003.96,0,Cable,2454,886,2.8,1,1,6
20,282,P12,2024-01-07 08:00:00,4887,5,3,1.9,0,25.0,1,15000.0,1,4271.4,1,Cable,1852,828,2.6,1,1,6
21,149,P25,2024-01-07 16:00:00,1230,5,1,5.2,0,23.0,2,23159.17,5,6502.25,0,Earphones,3991,372,,1,1,6
22,412,P8,2024-01-08 00:00:00,1495,5,3,4.8,0,43.0,3,24401.41,1,6164.11,1,Cable,795,346,4.5,2,1,0
23,304,P13,2024-01-08 08:00:00,2263,5,2,3.4,0,21.0,2,49612.64,2,8627.1,0,LaptopAccessory,2420,1277,,2,1,0
24,484,P4,2024-01-08 16:00:00,1647,0,1,5.5,0,53.0,1,38524.91,4,10068.19,0,Cable,885,254,4.3,2,1,0
25,424,P14,2024-01-09 00:00:00,2245,10,2,1.0,0,,1,39135.72,1,9201.09,1,Cable,3385,253,3.6,2,1,1
26,66,P14,2024-01-09 08:00:00,4819,5,1,5.5,0,48.0,2,50504.65,4,10648.14,0,Cable,3385,253,3.6,2,1,1
27,234,P13,2024-01-09 16:00:00,3050,15,3,4.5,0,40.0,1,45658.18,5,17262.46,0,LaptopAccessory,2420,1277,,2,1,1
28,457,P6,2024-01-10 00:00:00,16096,20,2,2.0,0,54.0,1,25129.11,2,8359.8,0,Earphones,2621,1087,4.6,2,1,2
29,87,P17,2024-01-10 08:00:00,2268,20,1,1.1,0,25.0,2,42665.52,3,11435.75,0,Earphones,1034,1556,3.5,2,1,2
30,79,P4,2024-01-10 16:00:00,3961,15,3,4.2,0,46.0,2,49486.12,6,11159.95,0,Cable,885,254,4.3,2,1,2
31,205,P8,2024-01-11 00:00:00,2475,5,2,6.8,1,23.0,1,58097.63,2,19550.66,0,Cable,795,346,4.5,2,1,3
32,279,P17,2024-01-11 08:00:00,2008,0,1,3.5,0,31.0,2,52609.65,1,10618.16,1,Earphones,1034,1556,3.5,2,1,3
33,337,P3,2024-01-11 16:00:00,1511,10,2,,0,19.0,2,36139.35,6,14200.06,0,LaptopAccessory,451,1202,,2,1,3
34,254,P17,2024-01-12 00:00:00,4255,20,1,4.4,0,37.0,2,29621.38,1,8033.04,1,Earphones,1034,1556,3.5,2,1,4
35,304,P9,2024-01-12 08:00:00,2651,10,3,7.6,1,21.0,2,49612.64,2,8627.1,0,LaptopAccessory,2448,630,4.0,2,1,4
36,380,P2,2024-01-12 16:00:00,5156,0,3,4.9,0,49.0,1,20755.12,2,4184.24,0,Cable,1224,1328,3.6,2,1,4
37,130,P25,2024-01-13 00:00:00,1872,20,2,5.1,0,30.0,2,,6,9304.08,0,Earphones,3991,372,,2,1,5
38,84,P13,2024-01-13 08:00:00,3875,10,2,6.4,1,26.0,2,36287.22,3,10622.89,0,LaptopAccessory,2420,1277,,2,1,5
39,276,P20,2024-01-13 16:00:00,4732,0,1,4.9,0,50.0,3,18538.37,2,4653.01,1,LaptopAccessory,3366,1816,,2,1,5
40,187,P2,2024-01-14 00:00:00,4554,10,3,2.4,0,40.0,2,,1,19129.77,1,Cable,1224,1328,3.6,2,1,6
41,46,P20,2024-01-14 08:00:00,2203,5,1,1.0,0,45.0,3,55215.55,1,10805.31,1,LaptopAccessory,3366,1816,,2,1,6
42,387,P11,2024-01-14 16:00:00,4398,0,3,2.2,0,47.0,1,34770.22,4,11762.19,0,LaptopAccessory,1405,637,3.9,2,1,6
43,183,P22,2024-01-15 00:00:00,1324,10,2,1.8,0,34.0,2,32235.83,2,6706.92,0,Smartwatch,3747,549,4.2,3,1,0
44,268,P15,2024-01-15 08:00:00,1421,5,1,5.3,0,46.0,1,59937.29,2,17336.54,0,Cable,3804,1809,2.6,3,1,0
45,296,P11,2024-01-15 16:00:00,3060,5,1,5.6,0,51.0,2,40403.29,3,7848.4,0,LaptopAccessory,1405,637,3.9,3,1,0
46,322,P23,2024-01-16 00:00:00,2473,0,3,4.4,0,50.0,3,42968.66,3,13012.14,0,Cable,858,909,3.0,3,1,1
47,100,P3,2024-01-16 08:00:00,3190,15,3,1.5,0,24.0,1,20848.77,1,4255.51,1,LaptopAccessory,451,1202,,3,1,1
48,78,P3,2024-01-16 16:00:00,2710,20,3,7.6,1,58.0,3,31563.0,3,11815.11,0,LaptopAccessory,451,1202,,3,1,1
49,272,P12,2024-01-17 00:00:00,436,0,2,3.2,0,52.0,1,61601.76,6,22812.72,0,Cable,1852,828,2.6,3,1,2
50,339,P24,2024-01-17 08:00:00,1344,5,1,5.2,0,34.0,1,45988.35,3,16720.06,0,Cable,2454,886,2.8,3,1,2
51,162,P5,2024-01-17 16:00:00,3453,5,3,4.1,0,58.0,1,31438.81,4,7692.45,0,Cable,1212,1906,4.5,3,1,2
52,44,P20,2024-01-18 00:00:00,3982,0,2,4.4,0,19.0,1,54740.36,2,11369.47,0,LaptopAccessory,3366,1816,,3,1,3
53,238,P7,2024-01-18 08:00:00,966,15,3,5.1,0,52.0,2,68217.36,4,22989.63,0,LaptopAccessory,1877,1096,5.0,3,1,3
54,134,P7,2024-01-18 16:00:00,2881,20,1,2.6,0,21.0,3,32157.1,2,8133.28,0,LaptopAccessory,1877,1096,5.0,3,1,3
55,461,P13,2024-01-19 00:00:00,2865,10,3,6.6,1,50.0,1,64630.23,5,15411.8,0,LaptopAccessory,2420,1277,,3,1,4
56,192,P9,2024-01-19 08:00:00,1959,0,1,1.0,0,36.0,1,67700.61,2,21162.12,0,LaptopAccessory,2448,630,4.0,3,1,4
57,356,P25,2024-01-19 16:00:00,3691,20,2,1.9,0,33.0,3,60701.37,6,17246.86,0,Earphones,3991,372,,3,1,4
58,278,P21,2024-01-20 00:00:00,3015,20,2,6.6,1,,2,29784.23,2,7284.55,0,Earphones,1727,1254,3.7,3,1,5
59,18,P13,2024-01-20 08:00:00,3713,5,3,5.2,0,41.0,2,38549.3,5,11984.8,0,LaptopAccessory,2420,1277,,3,1,5
60,12,P12,2024-01-20 16:00:00,695,10,1,9.1,1,53.0,1,49090.15,2,13301.09,0,Cable,1852,828,2.6,3,1,5
61,180,P13,2024-01-21 00:00:00,3380,0,1,4.1,0,19.0,3,29036.05,1,10235.16,1,LaptopAccessory,2420,1277,,3,1,6
62,123,P24,2024-01-21 08:00:00,4130,5,1,7.4,1,56.0,3,44005.75,3,7483.64,0,Cable,2454,886,2.8,3,1,6
63,246,P10,2024-01-21 16:00:00,2272,5,3,1.0,0,54.0,1,31538.82,2,6236.92,0,Earphones,856,957,3.3,3,1,6
64,222,P1,2024-01-22 00:00:00,537,15,1,1.2,0,49.0,1,44185.32,2,11121.71,0,Cable,994,364,,4,1,0
65,373,P25,2024-01-22 08:00:00,4149,20,1,5.8,0,54.0,1,20579.78,3,7319.16,0,Earphones,3991,372,,4,1,0
66,51,P8,2024-01-22 16:00:00,3308,0,1,1.0,0,34.0,3,47764.89,4,10820.26,0,Cable,795,346,4.5,4,1,0
67,488,P22,2024-01-23 00:00:00,2017,0,1,3.6,0,27.0,1,60880.03,4,22873.69,0,Smartwatch,3747,549,4.2,4,1,1
68,71,P16,2024-01-23 08:00:00,336,0,3,6.3,1,57.0,1,57239.1,3,16645.84,0,Cable,456,191,2.7,4,1,1
69,480,P13,2024-01-23 16:00:00,2755,5,3,5.0,0,24.0,1,39061.1,4,14687.17,0,LaptopAccessory,2420,1277,,4,1,1
70,48,P3,2024-01-24 00:00:00,4615,15,1,4.0,0,25.0,1,20806.35,5,7436.64,0,LaptopAccessory,451,1202,,4,1,2
71,19,P3,2024-01-24 08:00:00,1115,10,1,3.1,0,47.0,2,31826.21,6,9455.96,0,LaptopAccessory,451,1202,,4,1,2
72,262,P24,2024-01-24 16:00:00,3738,5,2,4.4,0,57.0,1,56759.44,5,14793.91,0,Cable,2454,886,2.8,4,1,2
73,84,P5,2024-01-25 00:00:00,2300,10,2,5.2,0,26.0,2,36287.22,3,10622.89,0,Cable,1212,1906,4.5,4,1,3
74,155,P11,2024-01-25 08:00:00,3107,15,1,2.7,0,45.0,2,,4,9142.93,0,LaptopAccessory,1405,637,3.9,4,1,3
75,53,P7,2024-01-25 16:00:00,3114,20,1,4.7,0,57.0,1,42801.5,2,10566.14,0,LaptopAccessory,1877,1096,5.0,4,1,3
76,107,P21,2024-01-26 00:00:00,2182,0,2,6.2,1,41.0,1,54074.26,1,17619.0,1,Earphones,1727,1254,3.7,4,1,4
77,357,P24,2024-01-26 08:00:00,4070,10,2,3.6,0,31.0,2,30616.56,6,13675.69,0,Cable,2454,886,2.8,4,1,4
78,304,P10,2024-01-26 16:00:00,4728,5,1,4.1,0,21.0,2,49612.64,2,8627.1,0,Earphones,856,957,3.3,4,1,4
79,135,P10,2024-01-27 00:00:00,3767,10,3,5.0,0,47.0,3,33697.2,5,11864.35,0,Earphones,856,957,3.3,4,1,5
80,443,P20,2024-01-27 08:00:00,1198,20,3,5.1,0,21.0,2,57842.06,4,14316.12,0,LaptopAccessory,3366,1816,,4,1,5
81,69,P2,2024-01-27 16:00:00,2347,0,1,5.8,0,31.0,3,78401.27,1,17904.97,1,Cable,1224,1328,3.6,4,1,5
82,11,P3,2024-01-28 00:00:00,4894,10,1,2.0,0,41.0,1,16650.56,6,6972.84,0,LaptopAccessory,451,1202,,4,1,6
83,143,P8,2024-01-28 08:00:00,595,20,2,2.9,0,49.0,2,63257.51,2,11185.72,0,Cable,795,346,4.5,4,1,6
84,192,P11,2024-01-28 16:00:00,3798,5,2,3.0,0,36.0,1,67700.61,2,21162.12,0,LaptopAccessory,1405,637,3.9,4,1,6
85,387,P13,2024-01-29 00:00:00,4710,15,3,2.2,0,47.0,1,34770.22,4,11762.19,0,LaptopAccessory,2420,1277,,5,1,0
86,378,P7,2024-01-29 08:00:00,1138,5,1,1.0,0,21.0,1,47155.61,2,10225.35,0,LaptopAccessory,1877,1096,5.0,5,1,0
87,69,P13,2024-01-29 16:00:00,1836,0,2,1.0,0,31.0,3,78401.27,1,17904.97,1,LaptopAccessory,2420,1277,,5,1,0
88,23,P2,2024-01-30 00:00:00,2924,5,3,6.4,1,50.0,2,41713.41,4,14819.69,0,Cable,1224,1328,3.6,5,1,1
89,181,P6,2024-01-30 08:00:00,2710,5,3,1.0,0,20.0,1,39503.1,6,9989.79,0,Earphones,2621,1087,4.6,5,1,1
90,293,P9,2024-01-30 16:00:00,4836,5,3,7.1,1,25.0,3,62550.97,1,21314.03,1,LaptopAccessory,2448,630,4.0,5,1,1
91,9,P20,2024-01-31 00:00:00,1849,5,2,5.5,0,28.0,1,29434.84,3,6124.41,0,LaptopAccessory,3366,1816,,5,1,2
92,271,P25,2024-01-31 08:00:00,3890,0,2,3.2,0,,1,38653.96,3,10342.06,0,Earphones,3991,372,,5,1,2
93,387,P2,2024-01-31 16:00:00,3635,20,1,5.2,0,47.0,1,34770.22,4,11762.19,0,Cable,1224,1328,3.6,5,1,2
94,93,P18,2024-02-01 00:00:00,3401,10,1,4.9,0,52.0,3,52508.83,1,11260.18,1,LaptopAccessory,2479,437,4.0,5,2,3
95,454,P16,2024-02-01 08:00:00,4379,15,3,1.8,0,52.0,2,18399.24,3,4463.69,0,Cable,456,191,2.7,5,2,3
96,17,P25,2024-02-01 16:00:00,4566,10,3,4.0,0,19.0,3,43165.26,2,7976.69,0,Earphones,3991,372,,5,2,3
97,154,P12,2024-02-02 00:00:00,2491,10,2,2.0,0,28.0,3,76829.5,4,17552.02,0,Cable,1852,828,2.6,5,2,4
98,405,P7,2024-02-02 08:00:00,4683,15,2,5.3,0,33.0,2,,5,10421.57,0,LaptopAccessory,1877,1096,5.0,5,2,4
99,328,P7,2024-02-02 16:00:00,413,0,1,2.6,0,20.0,2,31394.5,2,10371.72,0,LaptopAccessory,1877,1096,5.0,5,2,4
100,149,P17,2024-02-03 00:00:00,3437,15,1,3.8,0,23.0,2,23159.17,5,6502.25,0,Earphones,1034,1556,3.5,5,2,5
101,377,P13,2024-02-03 08:00:00,4062,0,1,3.7,0,56.0,1,39296.19,2,12936.55,0,LaptopAccessory,2420,1277,,5,2,5
102,267,P11,2024-02-03 16:00:00,258,10,2,4.2,0,42.0,2,49640.84,1,9905.07,0,LaptopAccessory,1405,637,3.9,5,2,5
103,422,P6,2024-02-04 00:00:00,3130,0,3,7.3,1,29.0,1,45474.42,1,7538.3,1,Earphones,2621,1087,4.6,5,2,6
104,328,P23,2024-02-04 08:00:00,3171,20,1,3.5,0,20.0,2,31394.5,2,10371.72,0,Cable,858,909,3.0,5,2,6
105,106,P14,2024-02-04 16:00:00,1727,15,1,6.4,1,40.0,2,40446.34,2,9933.39,0,Cable,3385,253,3.6,5,2,6
106,472,P6,2024-02-05 00:00:00,322,20,2,5.0,0,43.0,1,76596.29,3,26209.75,0,Earphones,2621,1087,4.6,6,2,0
107,381,P6,2024-02-05 08:00:00,3919,10,1,6.8,1,47.0,1,54944.0,2,15335.66,0,Earphones,2621,1087,4.6,6,2,0
108,35,P2,2024-02-05 16:00:00,1636,15,3,,0,38.0,1,31903.6,5,10393.58,0,Cable,1224,1328,3.6,6,2,0
109,119,P22,2024-02-06 00:00:00,1362,10,2,5.4,0,18.0,1,61704.67,2,17119.53,0,Smartwatch,3747,549,4.2,6,2,1
110,14,P20,2024-02-06 08:00:00,3500,20,1,3.9,0,41.0,1,66321.91,2,16450.39,0,LaptopAccessory,3366,1816,,6,2,1
111,14,P25,2024-02-06 16:00:00,3545,10,1,1.0,0,41.0,1,66321.91,2,16450.39,0,Earphones,3991,372,,6,2,1
112,266,P15,2024-02-07 00:00:00,2686,15,2,1.8,0,52.0,3,46715.63,2,11767.83,0,Cable,3804,1809,2.6,6,2,2
113,140,P17,2024-02-07 08:00:00,761,15,2,5.2,0,46.0,3,28483.04,4,8887.49,1,Earphones,1034,1556,3.5,6,2,2
114,294,P8,2024-02-07 16:00:00,4181,10,1,5.0,0,44.0,1,53160.43,3,16192.99,0,Cable,795,346,4.5,6,2,2
115,364,P5,2024-02-08 00:00:00,1937,15,3,1.4,0,49.0,3,57590.94,4,13932.48,0,Cable,1212,1906,4.5,6,2,3
116,119,P17,2024-02-08 08:00:00,1104,15,2,4.4,0,18.0,1,61704.67,2,17119.53,0,Earphones,1034,1556,3.5,6,2,3
117,238,P20,2024-02-08 16:00:00,3754,10,3,5.0,0,52.0,2,68217.36,4,22989.63,0,LaptopAccessory,3366,1816,,6,2,3
118,34,P1,2024-02-09 00:00:00,4690,20,1,3.9,0,24.0,1,45213.73,4,13216.24,0,Cable,994,364,,6,2,4
119,169,P22,2024-02-09 08:00:00,1926,15,3,5.5,0,54.0,1,63212.58,1,22404.35,1,Smartwatch,3747,549,4.2,6,2,4
120,10,P18,2024-02-09 16:00:00,3123,15,1,5.2,0,28.0,3,18873.08,4,6498.32,1,LaptopAccessory,2479,437,4.0,6,2,4
121,122,P15,2024-02-10 00:00:00,3731,15,1,3.9,0,31.0,3,17716.59,4,4714.83,1,Cable,3804,1809,2.6,6,2,5
122,401,P5,2024-02-10 08:00:00,4106,15,1,3.0,0,49.0,3,50989.6,4,16004.59,0,Cable,1212,1906,4.5,6,2,5
123,145,P7,2024-02-10 16:00:00,1134,10,1,6.1,1,39.0,3,54764.84,2,18065.28,0,LaptopAccessory,1877,1096,5.0,6,2,5
124,451,P18,2024-02-11 00:00:00,274,20,3,4.9,0,37.0,1,37403.92,6,10950.17,0,LaptopAccessory,2479,437,4.0,6,2,6
125,446,P6,2024-02-11 08:00:00,494,20,1,1.2,0,33.0,2,50517.59,2,10650.75,0,Earphones,2621,1087,4.6,6,2,6
126,223,P22,2024-02-11 16:00:00,220,0,1,4.4,0,24.0,3,49118.45,4,10530.84,0,Smartwatch,3747,549,4.2,6,2,6
127,371,P21,2024-02-12 00:00:00,3442,15,3,1.7,0,23.0,3,34563.39,4,11727.5,0,Earphones,1727,1254,3.7,7,2,0
128,257,P5,2024-02-12 08:00:00,1238,15,2,2.1,0,41.0,2,36381.46,2,12086.61,0,Cable,1212,1906,4.5,7,2,0
129,268,P19,2024-02-12 16:00:00,4855,0,3,2.7,0,46.0,1,59937.29,2,17336.54,0,Earphones,3709,1603,3.7,7,2,0
130,359,P10,2024-02-13 00:00:00,1309,20,3,4.1,0,40.0,1,47410.45,4,16832.47,0,Earphones,856,957,3.3,7,2,1
131,4,P15,2024-02-13 08:00:00,3971,5,3,4.7,0,25.0,3,21233.3,5,7292.6,1,Cable,3804,1809,2.6,7,2,1
132,426,P10,2024-02-13 16:00:00,571,5,1,3.2,0,38.0,1,55759.82,1,14726.86,0,Earphones,856,957,3.3,7,2,1
133,397,P16,2024-02-14 00:00:00,1374,20,1,3.3,0,29.0,2,38925.98,1,6824.85,0,Cable,456,191,2.7,7,2,2
134,354,P12,2024-02-14 08:00:00,1364,15,1,3.0,0,18.0,2,16354.12,2,6273.87,0,Cable,1852,828,2.6,7,2,2
135,106,P18,2024-02-14 16:00:00,1292,5,2,6.1,1,40.0,2,40446.34,2,9933.39,0,LaptopAccessory,2479,437,4.0,7,2,2
136,85,P23,2024-02-15 00:00:00,1483,10,1,1.0,0,41.0,2,38883.5,5,14422.12,0,Cable,858,909,3.0,7,2,3
137,214,P1,2024-02-15 08:00:00,2211,10,2,3.4,0,20.0,2,51193.8,3,17794.96,0,Cable,994,364,,7,2,3
138,121,P16,2024-02-15 16:00:00,1045,0,1,7.1,1,43.0,1,55477.67,4,18572.8,0,Cable,456,191,2.7,7,2,3
139,132,P22,2024-02-16 00:00:00,2191,20,3,5.0,0,56.0,1,61800.77,2,14397.9,0,Smartwatch,3747,549,4.2,7,2,4
140,338,P6,2024-02-16 08:00:00,720,20,1,6.5,1,43.0,2,15000.0,6,5407.34,0,Earphones,2621,1087,4.6,7,2,4
141,197,P3,2024-02-16 16:00:00,4666,5,2,1.0,0,49.0,1,52307.23,1,16176.9,0,LaptopAccessory,451,1202,,7,2,4
142,19,P2,2024-02-17 00:00:00,4396,15,2,1.5,0,47.0,2,31826.21,6,9455.96,0,Cable,1224,1328,3.6,7,2,5
143,130,P2,2024-02-17 08:00:00,4956,20,1,5.0,0,30.0,2,,6,9304.08,0,Cable,1224,1328,3.6,7,2,5
144,12,P13,2024-02-17 16:00:00,442,5,3,7.1,1,53.0,1,49090.15,2,13301.09,0,LaptopAccessory,2420,1277,,7,2,5
145,81,P9,2024-02-18 00:00:00,3000,5,1,1.7,0,18.0,1,49327.15,2,7955.52,0,LaptopAccessory,2448,630,4.0,7,2,6
146,330,P16,2024-02-18 08:00:00,4807,20,1,3.2,0,41.0,3,72134.06,6,20149.58,0,Cable,456,191,2.7,7,2,6
147,354,P5,2024-02-18 16:00:00,3096,5,1,4.8,0,18.0,2,16354.12,2,6273.87,0,Cable,1212,1906,4.5,7,2,6
148,262,P23,2024-02-19 00:00:00,2802,0,3,1.1,0,57.0,1,56759.44,5,14793.91,0,Cable,858,909,3.0,8,2,0
149,392,P21,2024-02-19 08:00:00,2473,0,2,5.0,0,43.0,2,46450.62,1,8915.11,0,Earphones,1727,1254,3.7,8,2,0
150,125,P7,2024-02-19 16:00:00,1741,20,3,1.0,0,26.0,2,41234.26,1,8469.59,0,LaptopAccessory,1877,1096,5.0,8,2,0
151,307,P13,2024-02-20 00:00:00,2965,15,2,5.0,0,45.0,1,,4,18459.47,0,LaptopAccessory,2420,1277,,8,2,1
152,267,P20,2024-02-20 08:00:00,2314,0,2,2.0,0,42.0,2,49640.84,1,9905.07,0,LaptopAccessory,3366,1816,,8,2,1
153,447,P24,2024-02-20 16:00:00,4691,0,2,3.1,0,,1,35536.55,1,11135.51,1,Cable,2454,886,2.8,8,2,1
154,441,P13,2024-02-21 00:00:00,4907,20,3,5.3,0,18.0,3,36337.65,1,6371.69,1,LaptopAccessory,2420,1277,,8,2,2
155,383,P7,2024-02-21 08:00:00,3283,10,1,4.9,0,57.0,2,16651.27,2,5941.06,0,LaptopAccessory,1877,1096,5.0,8,2,2
156,140,P10,2024-02-21 16:00:00,2057,5,1,4.0,0,46.0,3,28483.04,4,8887.49,1,Earphones,856,957,3.3,8,2,2
157,329,P15,2024-02-22 00:00:00,969,0,1,5.9,0,57.0,2,39634.68,4,8217.46,0,Cable,3804,1809,2.6,8,2,3
158,2,P21,2024-02-22 08:00:00,1622,10,1,1.0,0,46.0,2,35356.8,1,9201.86,0,Earphones,1727,1254,3.7,8,2,3
159,8,P6,2024-02-22 16:00:00,606,15,1,4.4,0,40.0,3,55735.14,1,14301.19,1,Earphones,2621,1087,4.6,8,2,3
160,250,P5,2024-02-23 00:00:00,3172,10,3,2.4,0,52.0,3,38512.36,1,11347.61,1,Cable,1212,1906,4.5,8,2,4
161,139,P23,2024-02-23 08:00:00,2072,20,3,5.8,0,32.0,3,24937.89,5,9049.23,1,Cable,858,909,3.0,8,2,4
162,124,P2,2024-02-23 16:00:00,2894,15,3,5.4,0,44.0,1,53344.46,3,14007.42,0,Cable,1224,1328,3.6,8,2,4
163,309,P21,2024-02-24 00:00:00,2469,15,3,5.4,0,46.0,1,40894.46,1,12050.78,0,Earphones,1727,1254,3.7,8,2,5
164,228,P15,2024-02-24 08:00:00,4949,10,3,7.3,1,35.0,2,24602.27,2,8119.03,0,Cable,3804,1809,2.6,8,2,5
165,10,P16,2024-02-24 16:00:00,1381,20,3,6.3,1,28.0,3,18873.08,4,6498.32,1,Cable,456,191,2.7,8,2,5
166,469,P19,2024-02-25 00:00:00,1639,0,3,3.7,0,52.0,2,19156.41,2,5773.25,0,Earphones,3709,1603,3.7,8,2,6
167,212,P9,2024-02-25 08:00:00,3253,10,1,4.0,0,33.0,1,40696.55,3,9819.0,0,LaptopAccessory,2448,630,4.0,8,2,6
168,112,P22,2024-02-25 16:00:00,3533,0,2,5.2,0,44.0,3,35362.42,3,10583.44,0,Smartwatch,3747,549,4.2,8,2,6
169,8,P19,2024-02-26 00:00:00,3097,10,3,4.3,0,40.0,3,55735.14,1,14301.19,1,Earphones,3709,1603,3.7,9,2,0
170,292,P7,2024-02-26 08:00:00,3103,0,2,5.4,0,55.0,1,,4,5286.53,0,LaptopAccessory,1877,1096,5.0,9,2,0
171,477,P4,2024-02-26 16:00:00,428,10,3,1.0,0,43.0,2,51383.93,5,16867.53,0,Cable,885,254,4.3,9,2,0
172,362,P3,2024-02-27 00:00:00,4159,15,3,7.8,1,51.0,2,29925.65,4,7135.07,0,LaptopAccessory,451,1202,,9,2,1
173,460,P24,2024-02-27 08:00:00,2093,5,1,4.1,0,18.0,1,20153.65,3,5834.99,0,Cable,2454,886,2.8,9,2,1
174,253,P20,2024-02-27 16:00:00,1513,15,2,1.0,0,20.0,3,17117.12,4,4414.19,1,LaptopAccessory,3366,1816,,9,2,1
175,14,P11,2024-02-28 00:00:00,1270,0,1,2.2,0,41.0,1,66321.91,2,16450.39,0,LaptopAccessory,1405,637,3.9,9,2,2
176,240,P1,2024-02-28 08:00:00,1174,20,1,1.0,0,33.0,2,15000.0,7,6735.36,0,Cable,994,364,,9,2,2
177,438,P6,2024-02-28 16:00:00,1938,15,2,1.8,0,27.0,1,46328.81,4,10824.12,0,Earphones,2621,1087,4.6,9,2,2
178,242,P11,2024-02-29 00:00:00,3485,5,1,3.7,0,19.0,1,32469.19,2,8453.4,0,LaptopAccessory,1405,637,3.9,9,2,3
179,469,P1,2024-02-29 08:00:00,957,0,3,7.0,1,52.0,2,19156.41,2,5773.25,0,Cable,994,364,,9,2,3
180,342,P21,2024-02-29 16:00:00,3295,15,3,4.8,0,26.0,3,63609.8,5,19525.19,0,Earphones,1727,1254,3.7,9,2,3
181,149,P7,2024-03-01 00:00:00,520,10,3,4.5,0,23.0,2,23159.17,5,6502.25,0,LaptopAccessory,1877,1096,5.0,9,3,4
182,236,P6,2024-03-01 08:00:00,2521,20,3,1.7,0,47.0,3,39013.75,2,9003.96,0,Earphones,2621,1087,4.6,9,3,4
183,306,P14,2024-03-01 16:00:00,755,0,3,2.4,0,34.0,1,48588.74,3,9370.05,0,Cable,3385,253,3.6,9,3,4
184,478,P2,2024-03-02 00:00:00,1586,15,1,2.5,0,51.0,2,44217.87,4,15310.05,0,Cable,1224,1328,3.6,9,3,5
185,167,P4,2024-03-02 08:00:00,4963,0,1,2.6,0,44.0,1,43043.85,4,14356.49,0,Cable,885,254,4.3,9,3,5
186,20,P11,2024-03-02 16:00:00,3247,10,3,3.3,0,55.0,2,45987.04,4,15198.23,0,LaptopAccessory,1405,637,3.9,9,3,5
187,216,P15,2024-03-03 00:00:00,2627,5,3,3.4,0,53.0,3,72448.82,3,23133.23,0,Cable,3804,1809,2.6,9,3,6
188,343,P18,2024-03-03 08:00:00,2204,15,1,3.3,0,56.0,2,21613.52,3,6753.55,0,LaptopAccessory,2479,437,4.0,9,3,6
189,135,P1,2024-03-03 16:00:00,2130,0,2,2.7,0,47.0,3,33697.2,5,11864.35,0,Cable,994,364,,9,3,6
190,393,P3,2024-03-04 00:00:00,4970,0,1,4.3,0,54.0,2,55454.25,1,10429.97,1,LaptopAccessory,451,1202,,10,3,0
191,129,P3,2024-03-04 08:00:00,2363,0,1,3.4,0,59.0,3,74483.47,2,20824.47,0,LaptopAccessory,451,1202,,10,3,0
192,410,P7,2024-03-04 16:00:00,4067,5,1,1.0,0,20.0,2,37906.16,2,13177.54,0,LaptopAccessory,1877,1096,5.0,10,3,0
193,422,P1,2024-03-05 00:00:00,2626,0,1,4.1,0,29.0,1,45474.42,1,7538.3,1,Cable,994,364,,10,3,1
194,294,P25,2024-03-05 08:00:00,3993,20,1,3.8,0,44.0,1,53160.43,3,16192.99,0,Earphones,3991,372,,10,3,1
195,246,P11,2024-03-05 16:00:00,2713,20,2,1.0,0,54.0,1,31538.82,2,6236.92,0,LaptopAccessory,1405,637,3.9,10,3,1
196,189,P6,2024-03-06 00:00:00,4003,0,3,2.8,0,49.0,2,32658.41,1,6803.86,1,Earphones,2621,1087,4.6,10,3,2
197,44,P20,2024-03-06 08:00:00,2527,20,3,5.2,0,19.0,1,54740.36,2,11369.47,0,LaptopAccessory,3366,1816,,10,3,2
198,86,P3,2024-03-06 16:00:00,817,15,2,1.7,0,18.0,2,49310.08,1,9321.02,0,LaptopAccessory,451,1202,,10,3,2
199,44,P19,2024-03-07 00:00:00,2365,20,3,1.5,0,19.0,1,54740.36,2,11369.47,0,Earphones,3709,1603,3.7,10,3,3
200,330,P2,2024-03-07 08:00:00,3508,0,3,3.4,0,41.0,3,72134.06,6,20149.58,0,Cable,1224,1328,3.6,10,3,3
201,375,P18,2024-03-07 16:00:00,1192,10,3,5.2,0,25.0,1,32984.48,2,12097.33,0,LaptopAccessory,2479,437,4.0,10,3,3
202,446,P12,2024-03-08 00:00:00,1577,15,2,7.6,1,33.0,2,50517.59,2,10650.75,0,Cable,1852,828,2.6,10,3,4
203,378,P10,2024-03-08 08:00:00,4581,5,2,5.3,0,21.0,1,47155.61,2,10225.35,0,Earphones,856,957,3.3,10,3,4
204,390,P5,2024-03-08 16:00:00,3374,0,3,6.2,1,36.0,3,71151.22,4,19992.92,0,Cable,1212,1906,4.5,10,3,4
205,145,P9,2024-03-09 00:00:00,4982,5,3,4.7,0,39.0,3,54764.84,2,18065.28,0,LaptopAccessory,2448,630,4.0,10,3,5
206,51,P2,2024-03-09 08:00:00,1505,10,3,2.6,0,34.0,3,47764.89,4,10820.26,0,Cable,1224,1328,3.6,10,3,5
207,242,P2,2024-03-09 16:00:00,3278,5,1,5.3,0,19.0,1,32469.19,2,8453.4,0,Cable,1224,1328,3.6,10,3,5
208,294,P6,2024-03-10 00:00:00,2886,0,1,3.8,0,44.0,1,53160.43,3,16192.99,0,Earphones,2621,1087,4.6,10,3,6
209,408,P10,2024-03-10 08:00:00,3183,0,1,4.8,0,39.0,2,15000.0,3,3523.38,0,Earphones,856,957,3.3,10,3,6
210,51,P18,2024-03-10 16:00:00,2723,10,2,2.1,0,34.0,3,47764.89,4,10820.26,0,LaptopAccessory,2479,437,4.0,10,3,6
211,266,P12,2024-03-11 00:00:00,3782,0,3,4.9,0,52.0,3,46715.63,2,11767.83,0,Cable,1852,828,2.6,11,3,0
212,120,P4,2024-03-11 08:00:00,1685,10,2,3.8,0,,1,42948.32,4,11602.06,0,Cable,885,254,4.3,11,3,0
213,200,P22,2024-03-11 16:00:00,2300,10,2,4.5,0,34.0,2,57539.43,3,11897.73,0,Smartwatch,3747,549,4.2,11,3,0
214,405,P21,2024-03-12 00:00:00,4781,0,2,3.8,0,33.0,2,,5,10421.57,0,Earphones,1727,1254,3.7,11,3,1
215,248,P17,2024-03-12 08:00:00,3915,20,3,3.4,0,26.0,1,53086.86,4,17447.85,0,Earphones,1034,1556,3.5,11,3,1
216,70,P15,2024-03-12 16:00:00,2201,10,1,5.0,0,40.0,1,38559.1,2,7336.93,0,Cable,3804,1809,2.6,11,3,1
217,341,P6,2024-03-13 00:00:00,1587,0,3,3.2,0,50.0,1,32752.2,2,11407.79,0,Earphones,2621,1087,4.6,11,3,2
218,57,P16,2024-03-13 08:00:00,3383,20,3,1.0,0,59.0,2,26151.5,2,5885.74,0,Cable,456,191,2.7,11,3,2
219,382,P17,2024-03-13 16:00:00,1230,10,2,1.0,0,52.0,2,32593.65,3,10787.19,0,Earphones,1034,1556,3.5,11,3,2
220,39,P3,2024-03-14 00:00:00,7860,20,2,4.4,0,21.0,1,46123.79,4,11515.24,0,LaptopAccessory,451,1202,,11,3,3
221,472,P10,2024-03-14 08:00:00,4963,15,2,3.1,0,43.0,1,76596.29,3,26209.75,0,Earphones,856,957,3.3,11,3,3
222,289,P5,2024-03-14 16:00:00,1420,15,1,1.0,0,39.0,3,25495.36,2,6871.41,1,Cable,1212,1906,4.5,11,3,3
223,443,P14,2024-03-15 00:00:00,4006,20,1,4.2,0,21.0,2,57842.06,4,14316.12,0,Cable,3385,253,3.6,11,3,4
224,18,P21,2024-03-15 08:00:00,2614,10,1,3.8,0,41.0,2,38549.3,5,11984.8,0,Earphones,1727,1254,3.7,11,3,4
225,440,P13,2024-03-15 16:00:00,4545,0,3,3.0,0,49.0,2,46803.01,4,17513.54,0,LaptopAccessory,2420,1277,,11,3,4
226,220,P6,2024-03-16 00:00:00,1818,5,2,4.5,0,36.0,3,63661.8,3,14301.24,0,Earphones,2621,1087,4.6,11,3,5
227,313,P12,2024-03-16 08:00:00,1463,0,3,6.6,1,54.0,1,53427.9,4,13162.69,0,Cable,1852,828,2.6,11,3,5
228,244,P8,2024-03-16 16:00:00,1071,5,1,6.6,1,29.0,1,50625.35,4,18762.12,0,Cable,795,346,4.5,11,3,5
229,352,P5,2024-03-17 00:00:00,1034,5,2,4.3,0,53.0,2,53254.9,2,17677.75,0,Cable,1212,1906,4.5,11,3,6
230,460,P15,2024-03-17 08:00:00,3022,10,1,3.8,0,18.0,1,20153.65,3,5834.99,0,Cable,3804,1809,2.6,11,3,6
231,304,P16,2024-03-17 16:00:00,1118,20,2,4.3,0,21.0,2,49612.64,2,8627.1,0,Cable,456,191,2.7,11,3,6
232,298,P1,2024-03-18 00:00:00,1924,0,2,4.6,0,47.0,1,15000.0,4,5101.24,0,Cable,994,364,,12,3,0
233,283,P16,2024-03-18 08:00:00,2613,20,3,3.5,0,24.0,3,33215.41,4,12416.54,0,Cable,456,191,2.7,12,3,0
234,74,P5,2024-03-18 16:00:00,1513,15,3,4.3,0,,3,,7,16060.61,0,Cable,1212,1906,4.5,12,3,0
235,110,P3,2024-03-19 00:00:00,4698,10,1,1.0,0,57.0,1,33065.87,3,7238.93,0,LaptopAccessory,451,1202,,12,3,1
236,180,P20,2024-03-19 08:00:00,2305,10,3,4.2,0,19.0,3,29036.05,1,10235.16,1,LaptopAccessory,3366,1816,,12,3,1
237,426,P15,2024-03-19 16:00:00,2768,15,3,5.0,0,38.0,1,55759.82,1,14726.86,0,Cable,3804,1809,2.6,12,3,1
238,32,P13,2024-03-20 00:00:00,1338,0,3,3.0,0,20.0,3,,5,10766.06,0,LaptopAccessory,2420,1277,,12,3,2
239,234,P24,2024-03-20 08:00:00,409,15,2,3.8,0,40.0,1,45658.18,5,17262.46,0,Cable,2454,886,2.8,12,3,2
240,282,P16,2024-03-20 16:00:00,1264,0,3,1.8,0,25.0,1,15000.0,1,4271.4,1,Cable,456,191,2.7,12,3,2
241,25,P23,2024-03-21 00:00:00,2420,5,1,1.5,0,,3,34545.82,4,8870.49,0,Cable,858,909,3.0,12,3,3
242,331,P11,2024-03-21 08:00:00,433,10,2,4.4,0,49.0,1,65913.15,3,13520.34,0,LaptopAccessory,1405,637,3.9,12,3,3
243,279,P21,2024-03-21 16:00:00,992,0,2,2.5,0,31.0,2,52609.65,1,10618.16,1,Earphones,1727,1254,3.7,12,3,3
244,226,P2,2024-03-22 00:00:00,3310,20,3,1.0,0,57.0,1,42911.35,2,15307.45,0,Cable,1224,1328,3.6,12,3,4
245,57,P22,2024-03-22 08:00:00,2366,20,2,,0,59.0,2,26151.5,2,5885.74,0,Smartwatch,3747,549,4.2,12,3,4
246,180,P6,2024-03-22 16:00:00,534,10,1,2.1,0,19.0,3,29036.05,1,10235.16,1,Earphones,2621,1087,4.6,12,3,4
247,232,P6,2024-03-23 00:00:00,6236,15,1,5.5,0,45.0,2,17152.2,2,5248.53,0,Earphones,2621,1087,4.6,12,3,5
248,382,P14,2024-03-23 08:00:00,1414,15,2,4.4,0,52.0,2,32593.65,3,10787.19,0,Cable,3385,253,3.6,12,3,5
249,343,P25,2024-03-23 16:00:00,4619,0,3,2.3,0,56.0,2,21613.52,3,6753.55,0,Earphones,3991,372,,12,3,5
250,477,P11,2024-03-24 00:00:00,483,15,3,2.8,0,43.0,2,51383.93,5,16867.53,0,LaptopAccessory,1405,637,3.9,12,3,6
251,287,P8,2024-03-24 08:00:00,412,10,2,6.6,1,29.0,1,51787.0,1,16821.65,1,Cable,795,346,4.5,12,3,6
252,64,P8,2024-03-24 16:00:00,1858,0,1,5.9,0,53.0,1,42772.54,2,15717.13,0,Cable,795,346,4.5,12,3,6
253,455,P1,2024-03-25 00:00:00,4278,5,2,1.8,0,50.0,1,63917.58,2,17717.75,0,Cable,994,364,,13,3,0
254,232,P21,2024-03-25 08:00:00,1617,15,3,6.3,1,45.0,2,17152.2,2,5248.53,0,Earphones,1727,1254,3.7,13,3,0
255,289,P7,2024-03-25 16:00:00,2586,15,3,,0,39.0,3,25495.36,2,6871.41,1,LaptopAccessory,1877,1096,5.0,13,3,0
256,213,P6,2024-03-26 00:00:00,1994,0,2,5.6,0,46.0,2,19602.16,3,5609.94,0,Earphones,2621,1087,4.6,13,3,1
257,258,P21,2024-03-26 08:00:00,304,20,1,3.7,0,28.0,2,45280.83,5,16794.47,0,Earphones,1727,1254,3.7,13,3,1
258,18,P8,2024-03-26 16:00:00,4093,15,2,6.4,1,41.0,2,38549.3,5,11984.8,0,Cable,795,346,4.5,13,3,1
259,175,P19,2024-03-27 00:00:00,4045,10,1,1.7,0,49.0,2,49878.16,4,13123.22,0,Earphones,3709,1603,3.7,13,3,2
260,417,P22,2024-03-27 08:00:00,3890,15,1,3.5,0,31.0,1,37139.76,3,7091.79,0,Smartwatch,3747,549,4.2,13,3,2
261,229,P21,2024-03-27 16:00:00,3492,5,2,6.4,1,57.0,2,41994.55,4,13063.22,0,Earphones,1727,1254,3.7,13,3,2
262,226,P24,2024-03-28 00:00:00,578,15,2,1.0,0,57.0,1,42911.35,2,15307.45,0,Cable,2454,886,2.8,13,3,3
263,84,P20,2024-03-28 08:00:00,3493,20,1,3.9,0,26.0,2,36287.22,3,10622.89,0,LaptopAccessory,3366,1816,,13,3,3
264,291,P8,2024-03-28 16:00:00,3529,15,1,3.2,0,55.0,2,39945.96,4,15702.25,0,Cable,795,346,4.5,13,3,3
265,435,P14,2024-03-29 00:00:00,3638,0,1,5.4,0,53.0,1,39037.92,3,14001.44,0,Cable,3385,253,3.6,13,3,4
266,370,P18,2024-03-29 08:00:00,424,15,1,6.1,1,59.0,2,15000.0,2,3975.47,0,LaptopAccessory,2479,437,4.0,13,3,4
267,246,P25,2024-03-29 16:00:00,937,20,3,5.5,0,54.0,1,31538.82,2,6236.92,0,Earphones,3991,372,,13,3,4
268,402,P16,2024-03-30 00:00:00,435,0,2,4.5,0,42.0,2,38789.25,7,12347.1,0,Cable,456,191,2.7,13,3,5
269,110,P9,2024-03-30 08:00:00,4478,10,1,4.1,0,57.0,1,33065.87,3,7238.93,0,LaptopAccessory,2448,630,4.0,13,3,5
270,254,P15,2024-03-30 16:00:00,911,0,2,3.3,0,37.0,2,29621.38,1,8033.04,1,Cable,3804,1809,2.6,13,3,5
271,88,P10,2024-03-31 00:00:00,2088,5,1,,0,41.0,2,19969.83,3,5823.23,0,Earphones,856,957,3.3,13,3,6
272,72,P22,2024-03-31 08:00:00,4918,0,2,6.9,1,38.0,3,29452.35,3,10842.01,1,Smartwatch,3747,549,4.2,13,3,6
273,381,P16,2024-03-31 16:00:00,1459,10,2,2.3,0,47.0,1,54944.0,2,15335.66,0,Cable,456,191,2.7,13,3,6
274,30,P4,2024-04-01 00:00:00,948,15,1,3.2,0,33.0,2,51148.96,5,13867.38,0,Cable,885,254,4.3,14,4,0
275,172,P20,2024-04-01 08:00:00,4186,0,1,3.8,0,41.0,2,34184.48,2,6771.37,0,LaptopAccessory,3366,1816,,14,4,0
276,309,P13,2024-04-01 16:00:00,3751,0,2,6.0,0,46.0,1,40894.46,1,12050.78,0,LaptopAccessory,2420,1277,,14,4,0
277,394,P22,2024-04-02 00:00:00,709,0,2,4.4,0,43.0,3,43581.84,4,11133.98,0,Smartwatch,3747,549,4.2,14,4,1
278,343,P5,2024-04-02 08:00:00,2023,0,2,6.0,0,56.0,2,21613.52,3,6753.55,0,Cable,1212,1906,4.5,14,4,1
279,436,P22,2024-04-02 16:00:00,3141,10,3,6.1,1,51.0,2,44931.44,1,14333.51,1,Smartwatch,3747,549,4.2,14,4,1
280,177,P7,2024-04-03 00:00:00,4432,20,1,5.2,0,58.0,1,37345.79,7,14563.15,0,LaptopAccessory,1877,1096,5.0,14,4,2
281,139,P23,2024-04-03 08:00:00,2334,20,3,1.9,0,32.0,3,24937.89,5,9049.23,1,Cable,858,909,3.0,14,4,2
282,194,P9,2024-04-03 16:00:00,1977,0,3,7.3,1,43.0,1,34610.62,2,9733.83,0,LaptopAccessory,2448,630,4.0,14,4,2
283,186,P8,2024-04-04 00:00:00,1422,10,1,6.8,1,45.0,3,57825.9,2,20669.86,0,Cable,795,346,4.5,14,4,3
284,218,P16,2024-04-04 08:00:00,3867,10,1,4.1,0,43.0,1,43287.25,4,9813.96,0,Cable,456,191,2.7,14,4,3
285,164,P6,2024-04-04 16:00:00,1977,0,3,1.2,0,56.0,2,47071.23,1,16701.0,0,Earphones,2621,1087,4.6,14,4,3
286,161,P16,2024-04-05 00:00:00,1504,5,1,,0,30.0,1,61307.56,3,19638.21,0,Cable,456,191,2.7,14,4,4
287,431,P6,2024-04-05 08:00:00,901,0,2,4.5,0,54.0,1,64501.47,3,15205.24,0,Earphones,2621,1087,4.6,14,4,4
288,13,P14,2024-04-05 16:00:00,3189,5,2,2.6,0,,3,20793.56,1,4001.18,1,Cable,3385,253,3.6,14,4,4
289,296,P21,2024-04-06 00:00:00,351,0,3,1.0,0,51.0,2,40403.29,3,7848.4,0,Earphones,1727,1254,3.7,14,4,5
290,89,P1,2024-04-06 08:00:00,1525,5,3,1.0,0,,2,45702.97,3,8426.62,0,Cable,994,364,,14,4,5
291,324,P25,2024-04-06 16:00:00,1501,5,1,3.1,0,35.0,2,32741.71,3,7026.35,0,Earphones,3991,372,,14,4,5
292,42,P9,2024-04-07 00:00:00,3922,0,1,4.4,0,26.0,3,47088.96,1,14811.91,1,LaptopAccessory,2448,630,4.0,14,4,6
293,403,P25,2024-04-07 08:00:00,1911,5,3,6.8,1,57.0,2,41179.53,3,8440.54,0,Earphones,3991,372,,14,4,6
294,210,P24,2024-04-07 16:00:00,1006,15,3,5.0,0,26.0,2,59176.78,6,14624.45,0,Cable,2454,886,2.8,14,4,6
295,229,P13,2024-04-08 00:00:00,4530,20,2,3.2,0,57.0,2,41994.55,4,13063.22,0,LaptopAccessory,2420,1277,,15,4,0
296,350,P19,2024-04-08 08:00:00,2922,10,2,4.8,0,30.0,3,39422.37,4,14321.88,0,Earphones,3709,1603,3.7,15,4,0
297,275,P17,2024-04-08 16:00:00,4856,5,1,,0,53.0,1,39397.63,1,9092.93,1,Earphones,1034,1556,3.5,15,4,0
298,442,P11,2024-04-09 00:00:00,1525,5,2,5.5,0,22.0,1,,4,14511.35,0,LaptopAccessory,1405,637,3.9,15,4,1
299,279,P8,2024-04-09 08:00:00,4333,10,1,3.9,0,31.0,2,52609.65,1,10618.16,1,Cable,795,346,4.5,15,4,1
300,251,P23,2024-04-09 16:00:00,1359,5,1,6.1,1,36.0,2,67699.55,2,18452.12,0,Cable,858,909,3.0,15,4,1
301,310,P5,2024-04-10 00:00:00,3069,10,1,5.6,0,23.0,3,30295.95,2,5421.76,0,Cable,1212,1906,4.5,15,4,2
302,208,P10,2024-04-10 08:00:00,4716,0,2,4.2,0,33.0,1,,1,10072.98,1,Earphones,856,957,3.3,15,4,2
303,321,P7,2024-04-10 16:00:00,1442,15,3,3.8,0,40.0,3,66039.46,3,16038.06,0,LaptopAccessory,1877,1096,5.0,15,4,2
304,140,P10,2024-04-11 00:00:00,547,15,3,5.8,0,46.0,3,28483.04,4,8887.49,1,Earphones,856,957,3.3,15,4,3
305,280,P4,2024-04-11 08:00:00,2031,20,2,2.6,0,38.0,3,30210.64,4,6047.29,0,Cable,885,254,4.3,15,4,3
306,34,P9,2024-04-11 16:00:00,1769,5,3,1.0,0,24.0,1,45213.73,4,13216.24,0,LaptopAccessory,2448,630,4.0,15,4,3
307,309,P14,2024-04-12 00:00:00,4135,20,1,,0,46.0,1,40894.46,1,12050.78,0,Cable,3385,253,3.6,15,4,4
308,392,P2,2024-04-12 08:00:00,2118,0,3,2.4,0,43.0,2,46450.62,1,8915.11,0,Cable,1224,1328,3.6,15,4,4
309,18,P25,2024-04-12 16:00:00,3432,15,2,5.3,0,41.0,2,38549.3,5,11984.8,0,Earphones,3991,372,,15,4,4
310,57,P9,2024-04-13 00:00:00,3958,0,3,3.2,0,59.0,2,26151.5,2,5885.74,0,LaptopAccessory,2448,630,4.0,15,4,5
311,112,P21,2024-04-13 08:00:00,2555,0,1,4.4,0,44.0,3,35362.42,3,10583.44,0,Earphones,1727,1254,3.7,15,4,5
312,5,P1,2024-04-13 16:00:00,1597,5,1,3.0,0,38.0,1,53860.41,5,17812.71,0,Cable,994,364,,15,4,5
313,410,P23,2024-04-14 00:00:00,2980,0,2,3.0,0,20.0,2,37906.16,2,13177.54,0,Cable,858,909,3.0,15,4,6
314,414,P10,2024-04-14 08:00:00,2024,15,2,1.9,0,54.0,1,24198.77,2,4910.46,0,Earphones,856,957,3.3,15,4,6
315,182,P10,2024-04-14 16:00:00,2691,20,2,3.8,0,54.0,3,66918.37,1,11723.88,1,Earphones,856,957,3.3,15,4,6
316,13,P20,2024-04-15 00:00:00,4260,15,1,3.6,0,,3,20793.56,1,4001.18,1,LaptopAccessory,3366,1816,,16,4,0
317,339,P25,2024-04-15 08:00:00,604,5,3,,0,34.0,1,45988.35,3,16720.06,0,Earphones,3991,372,,16,4,0
318,285,P22,2024-04-15 16:00:00,1921,15,3,4.6,0,34.0,3,16241.46,1,4231.79,1,Smartwatch,3747,549,4.2,16,4,0
319,259,P3,2024-04-16 00:00:00,3025,10,2,3.6,0,25.0,2,21226.91,4,5926.44,0,LaptopAccessory,451,1202,,16,4,1
320,90,P6,2024-04-16 08:00:00,4045,20,3,1.0,0,34.0,3,49158.79,2,12671.33,0,Earphones,2621,1087,4.6,16,4,1
321,104,P6,2024-04-16 16:00:00,4410,10,3,6.1,1,51.0,3,50222.51,3,18638.44,0,Earphones,2621,1087,4.6,16,4,1
322,379,P21,2024-04-17 00:00:00,3392,10,2,3.8,0,23.0,3,41152.33,4,16315.75,0,Earphones,1727,1254,3.7,16,4,2
323,186,P2,2024-04-17 08:00:00,264,5,2,4.2,0,45.0,3,57825.9,2,20669.86,0,Cable,1224,1328,3.6,16,4,2
324,250,P18,2024-04-17 16:00:00,1499,0,1,7.2,1,52.0,3,38512.36,1,11347.61,1,LaptopAccessory,2479,437,4.0,16,4,2
325,255,P23,2024-04-18 00:00:00,1615,10,1,5.8,0,41.0,1,39316.21,3,9721.76,0,Cable,858,909,3.0,16,4,3
326,76,P2,2024-04-18 08:00:00,3793,15,1,4.9,0,43.0,3,67186.73,3,14118.0,0,Cable,1224,1328,3.6,16,4,3
327,386,P12,2024-04-18 16:00:00,1168,0,1,4.0,0,59.0,2,52753.33,5,10899.6,0,Cable,1852,828,2.6,16,4,3
328,459,P22,2024-04-19 00:00:00,568,15,3,4.0,0,20.0,1,30415.57,4,6646.24,0,Smartwatch,3747,549,4.2,16,4,4
329,108,P5,2024-04-19 08:00:00,432,15,3,4.5,0,54.0,3,32259.33,3,7377.29,0,Cable,1212,1906,4.5,16,4,4
330,156,P20,2024-04-19 16:00:00,2442,0,1,4.8,0,42.0,3,32035.05,3,9881.41,0,LaptopAccessory,3366,1816,,16,4,4
331,82,P7,2024-04-20 00:00:00,3283,0,1,7.4,1,42.0,2,16446.63,1,5875.91,1,LaptopAccessory,1877,1096,5.0,16,4,5
332,77,P24,2024-04-20 08:00:00,1120,15,2,8.9,1,42.0,1,50616.28,4,10953.41,0,Cable,2454,886,2.8,16,4,5
333,485,P16,2024-04-20 16:00:00,888,5,3,4.6,0,42.0,1,25171.13,1,7473.0,1,Cable,456,191,2.7,16,4,5
334,470,P20,2024-04-21 00:00:00,4472,20,3,1.0,0,40.0,2,15319.02,4,4577.92,0,LaptopAccessory,3366,1816,,16,4,6
335,460,P1,2024-04-21 08:00:00,1669,20,1,2.1,0,18.0,1,20153.65,3,5834.99,0,Cable,994,364,,16,4,6
336,258,P1,2024-04-21 16:00:00,4925,5,3,7.6,1,28.0,2,45280.83,5,16794.47,0,Cable,994,364,,16,4,6
337,127,P17,2024-04-22 00:00:00,4459,0,2,5.4,0,32.0,3,,2,10618.41,0,Earphones,1034,1556,3.5,17,4,0
338,485,P1,2024-04-22 08:00:00,3822,15,2,,0,42.0,1,25171.13,1,7473.0,1,Cable,994,364,,17,4,0
339,391,P21,2024-04-22 16:00:00,2300,20,3,3.7,0,45.0,2,45729.03,4,11594.92,0,Earphones,1727,1254,3.7,17,4,0
340,282,P20,2024-04-23 00:00:00,2465,15,1,1.6,0,25.0,1,15000.0,1,4271.4,1,LaptopAccessory,3366,1816,,17,4,1
341,474,P13,2024-04-23 08:00:00,3989,5,3,7.4,1,,3,48458.64,3,10649.83,0,LaptopAccessory,2420,1277,,17,4,1
342,88,P9,2024-04-23 16:00:00,1023,15,2,2.4,0,41.0,2,19969.83,3,5823.23,0,LaptopAccessory,2448,630,4.0,17,4,1
343,204,P15,2024-04-24 00:00:00,3631,5,1,5.5,0,51.0,1,,5,15881.14,0,Cable,3804,1809,2.6,17,4,2
344,16,P3,2024-04-24 08:00:00,4351,0,3,1.4,0,39.0,3,65446.85,1,21147.48,1,LaptopAccessory,451,1202,,17,4,2
345,151,P14,2024-04-24 16:00:00,4413,5,1,3.6,0,45.0,1,42496.78,3,16094.58,0,Cable,3385,253,3.6,17,4,2
346,424,P23,2024-04-25 00:00:00,997,5,1,6.0,0,,1,39135.72,1,9201.09,1,Cable,858,909,3.0,17,4,3
347,254,P11,2024-04-25 08:00:00,979,20,2,3.5,0,37.0,2,29621.38,1,8033.04,1,LaptopAccessory,1405,637,3.9,17,4,3
348,188,P24,2024-04-25 16:00:00,3050,15,1,3.3,0,54.0,1,32036.97,1,8543.97,1,Cable,2454,886,2.8,17,4,3
349,329,P22,2024-04-26 00:00:00,3092,20,3,4.0,0,57.0,2,39634.68,4,8217.46,0,Smartwatch,3747,549,4.2,17,4,4
350,32,P12,2024-04-26 08:00:00,2093,10,1,1.3,0,20.0,3,,5,10766.06,0,Cable,1852,828,2.6,17,4,4
351,271,P13,2024-04-26 16:00:00,3506,5,1,,0,,1,38653.96,3,10342.06,0,LaptopAccessory,2420,1277,,17,4,4
352,485,P13,2024-04-27 00:00:00,3102,10,3,5.4,0,42.0,1,25171.13,1,7473.0,1,LaptopAccessory,2420,1277,,17,4,5
353,397,P1,2024-04-27 08:00:00,3918,20,2,3.2,0,29.0,2,38925.98,1,6824.85,0,Cable,994,364,,17,4,5
354,5,P24,2024-04-27 16:00:00,221,15,2,5.4,0,38.0,1,53860.41,5,17812.71,0,Cable,2454,886,2.8,17,4,5
355,459,P10,2024-04-28 00:00:00,1700,20,3,6.2,1,20.0,1,30415.57,4,6646.24,0,Earphones,856,957,3.3,17,4,6
356,330,P3,2024-04-28 08:00:00,1042,15,3,6.4,1,41.0,3,72134.06,6,20149.58,0,LaptopAccessory,451,1202,,17,4,6
357,308,P24,2024-04-28 16:00:00,1960,15,2,1.0,0,47.0,1,53869.51,3,19013.54,0,Cable,2454,886,2.8,17,4,6
358,333,P4,2024-04-29 00:00:00,3841,0,1,2.6,0,40.0,1,40570.05,2,11479.34,0,Cable,885,254,4.3,18,4,0
359,169,P16,2024-04-29 08:00:00,391,5,3,5.1,0,54.0,1,63212.58,1,22404.35,1,Cable,456,191,2.7,18,4,0
360,181,P8,2024-04-29 16:00:00,595,20,1,5.1,0,20.0,1,39503.1,6,9989.79,0,Cable,795,346,4.5,18,4,0
361,366,P16,2024-04-30 00:00:00,4862,15,3,8.5,1,,1,34440.79,2,7701.69,0,Cable,456,191,2.7,18,4,1
362,178,P17,2024-04-30 08:00:00,4526,20,2,2.2,0,29.0,2,28025.54,5,6789.89,0,Earphones,1034,1556,3.5,18,4,1
363,143,P19,2024-04-30 16:00:00,1073,20,1,6.3,1,49.0,2,63257.51,2,11185.72,0,Earphones,3709,1603,3.7,18,4,1
364,362,P22,2024-05-01 00:00:00,2821,15,1,4.7,0,51.0,2,29925.65,4,7135.07,0,Smartwatch,3747,549,4.2,18,5,2
365,248,P15,2024-05-01 08:00:00,4535,10,3,1.0,0,26.0,1,53086.86,4,17447.85,0,Cable,3804,1809,2.6,18,5,2
366,127,P16,2024-05-01 16:00:00,289,5,1,2.9,0,32.0,3,,2,10618.41,0,Cable,456,191,2.7,18,5,2
367,263,P15,2024-05-02 00:00:00,2479,5,3,4.5,0,37.0,2,45140.88,3,8443.7,0,Cable,3804,1809,2.6,18,5,3
368,40,P25,2024-05-02 08:00:00,656,0,2,1.0,0,42.0,2,15000.0,3,4416.7,0,Earphones,3991,372,,18,5,3
369,412,P2,2024-05-02 16:00:00,2480,0,1,1.0,0,43.0,3,24401.41,1,6164.11,1,Cable,1224,1328,3.6,18,5,3
370,416,P11,2024-05-03 00:00:00,4649,0,3,1.0,0,46.0,3,68710.47,6,17439.77,0,LaptopAccessory,1405,637,3.9,18,5,4
371,355,P1,2024-05-03 08:00:00,1204,5,1,4.5,0,25.0,1,62148.11,3,15694.13,0,Cable,994,364,,18,5,4
372,255,P15,2024-05-03 16:00:00,4734,10,3,3.0,0,41.0,1,39316.21,3,9721.76,0,Cable,3804,1809,2.6,18,5,4
373,143,P19,2024-05-04 00:00:00,544,5,3,2.8,0,49.0,2,63257.51,2,11185.72,0,Earphones,3709,1603,3.7,18,5,5
374,240,P4,2024-05-04 08:00:00,2911,5,3,2.8,0,33.0,2,15000.0,7,6735.36,0,Cable,885,254,4.3,18,5,5
375,228,P11,2024-05-04 16:00:00,4952,5,2,1.2,0,35.0,2,24602.27,2,8119.03,0,LaptopAccessory,1405,637,3.9,18,5,5
376,341,P5,2024-05-05 00:00:00,2662,5,1,3.1,0,50.0,1,32752.2,2,11407.79,0,Cable,1212,1906,4.5,18,5,6
377,198,P3,2024-05-05 08:00:00,1316,10,2,1.0,0,21.0,1,47609.11,1,8212.83,0,LaptopAccessory,451,1202,,18,5,6
378,65,P13,2024-05-05 16:00:00,825,0,3,6.4,1,31.0,1,27124.63,1,7612.74,1,LaptopAccessory,2420,1277,,18,5,6
379,388,P10,2024-05-06 00:00:00,4579,20,3,7.4,1,36.0,1,34761.13,4,7746.26,0,Earphones,856,957,3.3,19,5,0
380,11,P11,2024-05-06 08:00:00,2179,0,2,1.0,0,41.0,1,16650.56,6,6972.84,0,LaptopAccessory,1405,637,3.9,19,5,0
381,108,P18,2024-05-06 16:00:00,4194,0,2,3.1,0,54.0,3,32259.33,3,7377.29,0,LaptopAccessory,2479,437,4.0,19,5,0
382,26,P2,2024-05-07 00:00:00,1878,20,1,3.2,0,42.0,3,39145.82,1,10389.14,1,Cable,1224,1328,3.6,19,5,1
383,445,P7,2024-05-07 08:00:00,422,5,3,3.7,0,41.0,1,48961.0,5,9742.04,0,LaptopAccessory,1877,1096,5.0,19,5,1
384,421,P9,2024-05-07 16:00:00,943,10,2,6.0,0,22.0,2,42256.28,1,9327.18,1,LaptopAccessory,2448,630,4.0,19,5,1
385,151,P10,2024-05-08 00:00:00,662,10,3,3.1,0,45.0,1,42496.78,3,16094.58,0,Earphones,856,957,3.3,19,5,2
386,221,P18,2024-05-08 08:00:00,1768,0,3,3.8,0,37.0,1,38570.57,1,10743.83,0,LaptopAccessory,2479,437,4.0,19,5,2
387,341,P23,2024-05-08 16:00:00,3547,20,1,10.0,1,50.0,1,32752.2,2,11407.79,0,Cable,858,909,3.0,19,5,2
388,496,P7,2024-05-09 00:00:00,1936,15,1,3.8,0,56.0,3,25474.83,3,6705.91,1,LaptopAccessory,1877,1096,5.0,19,5,3
389,237,P7,2024-05-09 08:00:00,4239,5,1,7.5,1,59.0,2,31672.01,5,6679.28,0,LaptopAccessory,1877,1096,5.0,19,5,3
390,237,P3,2024-05-09 16:00:00,4151,0,2,5.0,0,59.0,2,31672.01,5,6679.28,0,LaptopAccessory,451,1202,,19,5,3
391,497,P12,2024-05-10 00:00:00,864,10,3,2.9,0,49.0,3,41580.63,1,10448.39,1,Cable,1852,828,2.6,19,5,4
392,219,P7,2024-05-10 08:00:00,1556,20,2,2.6,0,20.0,3,43740.76,1,11100.37,1,LaptopAccessory,1877,1096,5.0,19,5,4
393,487,P17,2024-05-10 16:00:00,1214,20,2,4.0,0,53.0,1,42698.41,7,9541.44,0,Earphones,1034,1556,3.5,19,5,4
394,424,P1,2024-05-11 00:00:00,2332,0,1,1.7,0,,1,39135.72,1,9201.09,1,Cable,994,364,,19,5,5
395,461,P5,2024-05-11 08:00:00,2868,15,3,2.3,0,50.0,1,64630.23,5,15411.8,0,Cable,1212,1906,4.5,19,5,5
396,151,P16,2024-05-11 16:00:00,1254,10,3,3.2,0,45.0,1,42496.78,3,16094.58,0,Cable,456,191,2.7,19,5,5
397,123,P15,2024-05-12 00:00:00,1964,0,1,4.6,0,56.0,3,44005.75,3,7483.64,0,Cable,3804,1809,2.6,19,5,6
398,144,P2,2024-05-12 08:00:00,4658,15,3,7.7,1,24.0,1,25024.69,3,5064.58,0,Cable,1224,1328,3.6,19,5,6
399,478,P9,2024-05-12 16:00:00,3069,20,1,3.0,0,51.0,2,44217.87,4,15310.05,0,LaptopAccessory,2448,630,4.0,19,5,6
400,189,P7,2024-05-13 00:00:00,1612,5,2,4.9,0,49.0,2,32658.41,1,6803.86,1,LaptopAccessory,1877,1096,5.0,20,5,0
401,255,P4,2024-05-13 08:00:00,3468,10,2,1.0,0,41.0,1,39316.21,3,9721.76,0,Cable,885,254,4.3,20,5,0
402,68,P20,2024-05-13 16:00:00,3570,10,1,6.1,1,25.0,2,41830.15,2,13390.37,0,LaptopAccessory,3366,1816,,20,5,0
403,104,P18,2024-05-14 00:00:00,1594,15,2,1.0,0,51.0,3,50222.51,3,18638.44,0,LaptopAccessory,2479,437,4.0,20,5,1
404,336,P21,2024-05-14 08:00:00,298,0,2,5.6,0,59.0,3,24658.11,2,7862.13,1,Earphones,1727,1254,3.7,20,5,1
405,159,P4,2024-05-14 16:00:00,4270,20,1,3.8,0,18.0,3,30439.19,1,10575.05,1,Cable,885,254,4.3,20,5,1
406,309,P13,2024-05-15 00:00:00,621,15,2,,0,46.0,1,40894.46,1,12050.78,0,LaptopAccessory,2420,1277,,20,5,2
407,362,P1,2024-05-15 08:00:00,3850,5,3,3.4,0,51.0,2,29925.65,4,7135.07,0,Cable,994,364,,20,5,2
408,409,P24,2024-05-15 16:00:00,4357,5,2,1.4,0,46.0,2,71325.62,2,14760.87,0,Cable,2454,886,2.8,20,5,2
409,300,P3,2024-05-16 00:00:00,1332,5,1,1.5,0,45.0,2,29770.24,1,8841.83,1,LaptopAccessory,451,1202,,20,5,3
410,396,P16,2024-05-16 08:00:00,1902,15,3,5.7,0,26.0,2,37054.75,4,13164.98,0,Cable,456,191,2.7,20,5,3
411,90,P22,2024-05-16 16:00:00,3820,20,3,4.0,0,34.0,3,49158.79,2,12671.33,0,Smartwatch,3747,549,4.2,20,5,3
412,357,P4,2024-05-17 00:00:00,3390,10,2,3.4,0,31.0,2,30616.56,6,13675.69,0,Cable,885,254,4.3,20,5,4
413,256,P25,2024-05-17 08:00:00,797,0,3,4.9,0,50.0,2,43650.09,1,15015.03,1,Earphones,3991,372,,20,5,4
414,496,P23,2024-05-17 16:00:00,591,10,1,4.2,0,56.0,3,25474.83,3,6705.91,1,Cable,858,909,3.0,20,5,4
415,353,P25,2024-05-18 00:00:00,1275,20,3,2.4,0,37.0,3,49784.84,5,14687.44,0,Earphones,3991,372,,20,5,5
416,220,P16,2024-05-18 08:00:00,2850,10,2,8.9,1,36.0,3,63661.8,3,14301.24,0,Cable,456,191,2.7,20,5,5
417,9,P19,2024-05-18 16:00:00,2584,15,2,5.5,0,28.0,1,29434.84,3,6124.41,0,Earphones,3709,1603,3.7,20,5,5
418,12,P1,2024-05-19 00:00:00,1009,5,3,4.3,0,53.0,1,49090.15,2,13301.09,0,Cable,994,364,,20,5,6
419,325,P5,2024-05-19 08:00:00,3509,20,1,3.0,0,42.0,3,35194.79,3,9150.43,0,Cable,1212,1906,4.5,20,5,6
420,438,P19,2024-05-19 16:00:00,3938,20,1,5.9,0,27.0,1,46328.81,4,10824.12,0,Earphones,3709,1603,3.7,20,5,6
421,244,P22,2024-05-20 00:00:00,1359,10,2,2.4,0,29.0,1,50625.35,4,18762.12,0,Smartwatch,3747,549,4.2,21,5,0
422,182,P24,2024-05-20 08:00:00,1731,15,2,2.3,0,54.0,3,66918.37,1,11723.88,1,Cable,2454,886,2.8,21,5,0
423,284,P11,2024-05-20 16:00:00,2882,10,1,7.4,1,20.0,3,,3,4311.72,1,LaptopAccessory,1405,637,3.9,21,5,0
424,312,P13,2024-05-21 00:00:00,453,10,3,4.1,0,58.0,3,45902.28,1,12261.68,1,LaptopAccessory,2420,1277,,21,5,1
425,99,P20,2024-05-21 08:00:00,3748,20,3,2.5,0,45.0,2,44073.68,2,14101.33,0,LaptopAccessory,3366,1816,,21,5,1
426,197,P5,2024-05-21 16:00:00,3385,10,3,4.0,0,49.0,1,52307.23,1,16176.9,0,Cable,1212,1906,4.5,21,5,1
427,482,P21,2024-05-22 00:00:00,1431,5,3,5.7,0,28.0,2,35789.87,8,9871.39,0,Earphones,1727,1254,3.7,21,5,2
428,366,P4,2024-05-22 08:00:00,2623,10,1,,0,,1,34440.79,2,7701.69,0,Cable,885,254,4.3,21,5,2
429,226,P4,2024-05-22 16:00:00,3775,5,2,5.9,0,57.0,1,42911.35,2,15307.45,0,Cable,885,254,4.3,21,5,2
430,333,P4,2024-05-23 00:00:00,4461,20,2,1.5,0,40.0,1,40570.05,2,11479.34,0,Cable,885,254,4.3,21,5,3
431,103,P4,2024-05-23 08:00:00,1773,15,3,5.9,0,29.0,3,39406.67,6,12415.45,0,Cable,885,254,4.3,21,5,3
432,106,P20,2024-05-23 16:00:00,3108,5,1,3.6,0,40.0,2,40446.34,2,9933.39,0,LaptopAccessory,3366,1816,,21,5,3
433,365,P21,2024-05-24 00:00:00,4912,15,1,4.2,0,40.0,1,48154.0,2,8007.3,0,Earphones,1727,1254,3.7,21,5,4
434,368,P18,2024-05-24 08:00:00,1825,15,3,6.4,1,39.0,2,15000.0,4,7021.06,0,LaptopAccessory,2479,437,4.0,21,5,4
435,58,P18,2024-05-24 16:00:00,4198,5,3,5.4,0,21.0,3,19724.73,4,6037.94,1,LaptopAccessory,2479,437,4.0,21,5,4
436,78,P16,2024-05-25 00:00:00,4083,20,3,4.7,0,58.0,3,31563.0,3,11815.11,0,Cable,456,191,2.7,21,5,5
437,75,P9,2024-05-25 08:00:00,3715,0,2,1.0,0,41.0,1,30595.49,2,9428.04,0,LaptopAccessory,2448,630,4.0,21,5,5
438,42,P18,2024-05-25 16:00:00,3603,15,3,3.9,0,26.0,3,47088.96,1,14811.91,1,LaptopAccessory,2479,437,4.0,21,5,5
439,422,P22,2024-05-26 00:00:00,4798,15,2,2.4,0,29.0,1,45474.42,1,7538.3,1,Smartwatch,3747,549,4.2,21,5,6
440,324,P2,2024-05-26 08:00:00,4880,20,1,,0,35.0,2,32741.71,3,7026.35,0,Cable,1224,1328,3.6,21,5,6
441,181,P21,2024-05-26 16:00:00,2158,20,1,6.0,0,20.0,1,39503.1,6,9989.79,0,Earphones,1727,1254,3.7,21,5,6
442,33,P4,2024-05-27 00:00:00,4209,10,2,3.4,0,54.0,1,40276.51,2,12451.62,0,Cable,885,254,4.3,22,5,0
443,71,P12,2024-05-27 08:00:00,2935,20,2,2.7,0,57.0,1,57239.1,3,16645.84,0,Cable,1852,828,2.6,22,5,0
444,56,P7,2024-05-27 16:00:00,4691,15,2,7.1,1,23.0,2,,3,6387.94,0,LaptopAccessory,1877,1096,5.0,22,5,0
445,105,P15,2024-05-28 00:00:00,3374,5,2,2.8,0,50.0,2,40424.78,4,14440.68,0,Cable,3804,1809,2.6,22,5,1
446,200,P7,2024-05-28 08:00:00,601,0,3,1.6,0,34.0,2,57539.43,3,11897.73,0,LaptopAccessory,1877,1096,5.0,22,5,1
447,101,P22,2024-05-28 16:00:00,1174,10,1,2.3,0,,2,23784.15,5,6955.46,0,Smartwatch,3747,549,4.2,22,5,1
448,256,P21,2024-05-29 00:00:00,423,5,3,2.9,0,50.0,2,43650.09,1,15015.03,1,Earphones,1727,1254,3.7,22,5,2
449,307,P17,2024-05-29 08:00:00,4813,0,2,2.3,0,45.0,1,,4,18459.47,0,Earphones,1034,1556,3.5,22,5,2
450,74,P16,2024-05-29 16:00:00,1740,0,3,5.7,0,,3,,7,16060.61,0,Cable,456,191,2.7,22,5,2
451,171,P19,2024-05-30 00:00:00,3698,0,3,1.0,0,59.0,1,30808.17,3,7442.01,0,Earphones,3709,1603,3.7,22,5,3
452,377,P9,2024-05-30 08:00:00,4411,5,1,2.2,0,56.0,1,39296.19,2,12936.55,0,LaptopAccessory,2448,630,4.0,22,5,3
453,143,P14,2024-05-30 16:00:00,3434,10,3,3.9,0,49.0,2,63257.51,2,11185.72,0,Cable,3385,253,3.6,22,5,3
454,166,P17,2024-05-31 00:00:00,425,10,1,,0,,1,49493.98,3,15421.13,0,Earphones,1034,1556,3.5,22,5,4
455,399,P5,2024-05-31 08:00:00,2477,0,2,7.4,1,18.0,1,50914.44,2,9371.96,0,Cable,1212,1906,4.5,22,5,4
456,261,P2,2024-05-31 16:00:00,4477,5,3,7.1,1,55.0,1,38767.73,3,9872.75,0,Cable,1224,1328,3.6,22,5,4
457,221,P20,2024-06-01 00:00:00,1541,0,2,1.0,0,37.0,1,38570.57,1,10743.83,0,LaptopAccessory,3366,1816,,22,6,5
458,83,P16,2024-06-01 08:00:00,4236,20,1,1.0,0,24.0,3,29092.94,5,10975.72,1,Cable,456,191,2.7,22,6,5
459,182,P14,2024-06-01 16:00:00,409,10,2,4.0,0,54.0,3,66918.37,1,11723.88,1,Cable,3385,253,3.6,22,6,5
460,307,P14,2024-06-02 00:00:00,3927,15,2,2.7,0,45.0,1,,4,18459.47,0,Cable,3385,253,3.6,22,6,6
461,10,P1,2024-06-02 08:00:00,4128,0,1,1.6,0,28.0,3,18873.08,4,6498.32,1,Cable,994,364,,22,6,6
462,396,P3,2024-06-02 16:00:00,3003,20,2,4.0,0,26.0,2,37054.75,4,13164.98,0,LaptopAccessory,451,1202,,22,6,6
463,4,P7,2024-06-03 00:00:00,1309,10,2,4.5,0,25.0,3,21233.3,5,7292.6,1,LaptopAccessory,1877,1096,5.0,23,6,0
464,351,P15,2024-06-03 08:00:00,2226,5,2,2.3,0,24.0,1,37410.59,6,9923.24,0,Cable,3804,1809,2.6,23,6,0
465,402,P19,2024-06-03 16:00:00,593,10,3,2.8,0,42.0,2,38789.25,7,12347.1,0,Earphones,3709,1603,3.7,23,6,0
466,336,P20,2024-06-04 00:00:00,1043,5,2,2.5,0,59.0,3,24658.11,2,7862.13,1,LaptopAccessory,3366,1816,,23,6,1
467,488,P2,2024-06-04 08:00:00,1724,5,1,3.2,0,27.0,1,60880.03,4,22873.69,0,Cable,1224,1328,3.6,23,6,1
468,292,P19,2024-06-04 16:00:00,803,0,3,5.1,0,55.0,1,,4,5286.53,0,Earphones,3709,1603,3.7,23,6,1
469,281,P9,2024-06-05 00:00:00,781,0,3,1.8,0,37.0,1,33307.25,4,10396.94,0,LaptopAccessory,2448,630,4.0,23,6,2
470,215,P19,2024-06-05 08:00:00,2139,10,1,2.7,0,,1,49682.26,1,9036.63,0,Earphones,3709,1603,3.7,23,6,2
471,460,P5,2024-06-05 16:00:00,332,20,2,3.2,0,18.0,1,20153.65,3,5834.99,0,Cable,1212,1906,4.5,23,6,2
472,98,P18,2024-06-06 00:00:00,3038,10,3,4.0,0,58.0,1,43115.32,6,12150.23,0,LaptopAccessory,2479,437,4.0,23,6,3
473,420,P16,2024-06-06 08:00:00,3585,15,3,4.6,0,47.0,2,47435.23,3,15314.12,0,Cable,456,191,2.7,23,6,3
474,101,P4,2024-06-06 16:00:00,3970,5,3,8.1,1,,2,23784.15,5,6955.46,0,Cable,885,254,4.3,23,6,3
475,451,P12,2024-06-07 00:00:00,2468,5,2,5.1,0,37.0,1,37403.92,6,10950.17,0,Cable,1852,828,2.6,23,6,4
476,9,P7,2024-06-07 08:00:00,1175,0,3,5.2,0,28.0,1,29434.84,3,6124.41,0,LaptopAccessory,1877,1096,5.0,23,6,4
477,61,P14,2024-06-07 16:00:00,2013,20,1,3.5,0,43.0,1,25759.02,7,12037.75,0,Cable,3385,253,3.6,23,6,4
478,309,P23,2024-06-08 00:00:00,3463,0,2,2.0,0,46.0,1,40894.46,1,12050.78,0,Cable,858,909,3.0,23,6,5
479,146,P12,2024-06-08 08:00:00,1743,15,1,2.9,0,45.0,2,36790.17,8,14139.55,0,Cable,1852,828,2.6,23,6,5
480,427,P3,2024-06-08 16:00:00,3035,10,1,2.6,0,,1,56582.89,3,12961.2,0,LaptopAccessory,451,1202,,23,6,5
481,419,P5,2024-06-09 00:00:00,2938,10,3,4.8,0,22.0,3,53051.02,7,9960.57,0,Cable,1212,1906,4.5,23,6,6
482,63,P17,2024-06-09 08:00:00,1557,20,3,1.0,0,27.0,1,47399.77,1,16140.06,0,Earphones,1034,1556,3.5,23,6,6
483,121,P10,2024-06-09 16:00:00,4334,0,3,5.2,0,43.0,1,55477.67,4,18572.8,0,Earphones,856,957,3.3,23,6,6
484,226,P10,2024-06-10 00:00:00,1516,0,1,3.8,0,57.0,1,42911.35,2,15307.45,0,Earphones,856,957,3.3,24,6,0
485,105,P11,2024-06-10 08:00:00,361,15,2,5.5,0,50.0,2,40424.78,4,14440.68,0,LaptopAccessory,1405,637,3.9,24,6,0
486,462,P17,2024-06-10 16:00:00,2109,10,3,2.6,0,57.0,2,55147.26,3,13578.13,0,Earphones,1034,1556,3.5,24,6,0
487,260,P5,2024-06-11 00:00:00,1327,0,3,2.2,0,53.0,1,61656.47,3,22523.42,0,Cable,1212,1906,4.5,24,6,1
488,349,P13,2024-06-11 08:00:00,4070,20,1,3.2,0,41.0,1,56180.21,6,17882.16,0,LaptopAccessory,2420,1277,,24,6,1
489,425,P10,2024-06-11 16:00:00,1858,10,2,3.1,0,43.0,3,43016.49,2,15430.37,0,Earphones,856,957,3.3,24,6,1
490,255,P9,2024-06-12 00:00:00,3325,15,1,5.6,0,41.0,1,39316.21,3,9721.76,0,LaptopAccessory,2448,630,4.0,24,6,2
491,429,P17,2024-06-12 08:00:00,2163,20,3,5.6,0,,2,49580.95,2,10587.31,0,Earphones,1034,1556,3.5,24,6,2
492,434,P1,2024-06-12 16:00:00,2489,5,1,,1,22.0,2,28685.86,2,7381.61,0,Cable,994,364,,24,6,2
493,207,P4,2024-06-13 00:00:00,1166,15,3,3.0,0,28.0,1,45530.1,3,10344.69,0,Cable,885,254,4.3,24,6,3
494,28,P4,2024-06-13 08:00:00,1089,20,2,1.0,0,59.0,2,15000.0,2,6388.35,0,Cable,885,254,4.3,24,6,3
495,170,P18,2024-06-13 16:00:00,3261,0,1,3.2,0,50.0,2,,1,14750.05,0,LaptopAccessory,2479,437,4.0,24,6,3
496,336,P9,2024-06-14 00:00:00,3829,5,3,4.5,0,59.0,3,24658.11,2,7862.13,1,LaptopAccessory,2448,630,4.0,24,6,4
497,76,P25,2024-06-14 08:00:00,3389,15,3,,0,43.0,3,67186.73,3,14118.0,0,Earphones,3991,372,,24,6,4
498,116,P18,2024-06-14 16:00:00,2948,0,3,4.6,0,54.0,2,26580.89,3,7735.0,0,LaptopAccessory,2479,437,4.0,24,6,4
499,69,P14,2024-06-15 00:00:00,1866,5,3,3.0,0,31.0,3,78401.27,1,17904.97,1,Cable,3385,253,3.6,24,6,5
500,354,P25,2024-06-15 08:00:00,3266,10,1,7.4,1,18.0,2,16354.12,2,6273.87,0,Earphones,3991,372,,24,6,5
501,234,P15,2024-06-15 16:00:00,1641,0,3,1.9,0,40.0,1,45658.18,5,17262.46,0,Cable,3804,1809,2.6,24,6,5
502,1,P6,2024-06-16 00:00:00,1267,20,1,3.5,0,56.0,3,48896.52,5,10718.59,0,Earphones,2621,1087,4.6,24,6,6
503,167,P24,2024-06-16 08:00:00,4423,15,3,1.8,0,44.0,1,43043.85,4,14356.49,0,Cable,2454,886,2.8,24,6,6
504,352,P10,2024-06-16 16:00:00,3123,5,1,4.0,0,53.0,2,53254.9,2,17677.75,0,Earphones,856,957,3.3,24,6,6
505,218,P15,2024-06-17 00:00:00,4453,0,1,7.2,1,43.0,1,43287.25,4,9813.96,0,Cable,3804,1809,2.6,25,6,0
506,273,P4,2024-06-17 08:00:00,4056,10,3,3.7,0,33.0,1,29854.12,5,11523.35,0,Cable,885,254,4.3,25,6,0
507,368,P18,2024-06-17 16:00:00,1026,15,3,3.7,0,39.0,2,15000.0,4,7021.06,0,LaptopAccessory,2479,437,4.0,25,6,0
508,251,P18,2024-06-18 00:00:00,4807,15,3,1.0,0,36.0,2,67699.55,2,18452.12,0,LaptopAccessory,2479,437,4.0,25,6,1
509,347,P25,2024-06-18 08:00:00,4185,0,3,3.4,0,52.0,2,65258.92,3,19488.61,0,Earphones,3991,372,,25,6,1
510,344,P17,2024-06-18 16:00:00,2292,10,2,6.3,1,,1,18034.38,2,5049.49,0,Earphones,1034,1556,3.5,25,6,1
511,419,P12,2024-06-19 00:00:00,3379,5,3,,0,22.0,3,53051.02,7,9960.57,0,Cable,1852,828,2.6,25,6,2
512,174,P7,2024-06-19 08:00:00,4738,0,3,3.4,0,49.0,1,45016.85,2,10074.84,0,LaptopAccessory,1877,1096,5.0,25,6,2
513,170,P16,2024-06-19 16:00:00,4101,5,3,6.2,1,50.0,2,,1,14750.05,0,Cable,456,191,2.7,25,6,2
514,246,P11,2024-06-20 00:00:00,2562,15,1,3.4,0,54.0,1,31538.82,2,6236.92,0,LaptopAccessory,1405,637,3.9,25,6,3
515,423,P14,2024-06-20 08:00:00,2424,5,3,6.6,1,33.0,1,76051.23,3,21211.67,0,Cable,3385,253,3.6,25,6,3
516,90,P3,2024-06-20 16:00:00,1926,10,1,1.4,0,34.0,3,49158.79,2,12671.33,0,LaptopAccessory,451,1202,,25,6,3
517,49,P19,2024-06-21 00:00:00,2206,20,1,5.4,0,52.0,3,30627.72,2,8051.37,0,Earphones,3709,1603,3.7,25,6,4
518,446,P18,2024-06-21 08:00:00,466,10,1,7.3,1,33.0,2,50517.59,2,10650.75,0,LaptopAccessory,2479,437,4.0,25,6,4
519,294,P10,2024-06-21 16:00:00,1037,5,1,6.0,0,44.0,1,53160.43,3,16192.99,0,Earphones,856,957,3.3,25,6,4
520,407,P6,2024-06-22 00:00:00,4784,0,2,1.0,0,22.0,2,54970.15,2,19395.3,0,Earphones,2621,1087,4.6,25,6,5
521,150,P13,2024-06-22 08:00:00,4997,15,3,2.7,0,45.0,1,45736.15,4,8499.79,0,LaptopAccessory,2420,1277,,25,6,5
522,132,P10,2024-06-22 16:00:00,886,20,1,3.5,0,56.0,1,61800.77,2,14397.9,0,Earphones,856,957,3.3,25,6,5
523,433,P18,2024-06-23 00:00:00,3561,0,3,6.0,0,27.0,2,44539.53,2,7553.43,0,LaptopAccessory,2479,437,4.0,25,6,6
524,59,P20,2024-06-23 08:00:00,556,0,1,1.3,0,46.0,1,25361.9,7,7881.66,0,LaptopAccessory,3366,1816,,25,6,6
525,457,P16,2024-06-23 16:00:00,4015,10,2,,0,54.0,1,25129.11,2,8359.8,0,Cable,456,191,2.7,25,6,6
526,324,P25,2024-06-24 00:00:00,1071,5,1,1.0,0,35.0,2,32741.71,3,7026.35,0,Earphones,3991,372,,26,6,0
527,199,P25,2024-06-24 08:00:00,2173,10,3,2.3,0,,3,56000.12,2,9067.05,0,Earphones,3991,372,,26,6,0
528,215,P6,2024-06-24 16:00:00,4847,5,3,1.5,0,,1,49682.26,1,9036.63,0,Earphones,2621,1087,4.6,26,6,0
529,386,P13,2024-06-25 00:00:00,2010,10,2,7.2,1,59.0,2,52753.33,5,10899.6,0,LaptopAccessory,2420,1277,,26,6,1
530,49,P4,2024-06-25 08:00:00,4618,0,3,2.7,0,52.0,3,30627.72,2,8051.37,0,Cable,885,254,4.3,26,6,1
531,472,P23,2024-06-25 16:00:00,2841,15,3,5.4,0,43.0,1,76596.29,3,26209.75,0,Cable,858,909,3.0,26,6,1
532,232,P14,2024-06-26 00:00:00,2428,5,1,4.0,0,45.0,2,17152.2,2,5248.53,0,Cable,3385,253,3.6,26,6,2
533,247,P1,2024-06-26 08:00:00,3591,20,3,4.0,0,49.0,1,20795.43,4,6561.34,0,Cable,994,364,,26,6,2
534,382,P20,2024-06-26 16:00:00,4378,20,1,2.8,0,52.0,2,32593.65,3,10787.19,0,LaptopAccessory,3366,1816,,26,6,2
535,479,P5,2024-06-27 00:00:00,2550,0,2,5.5,0,58.0,1,41563.02,3,13479.6,0,Cable,1212,1906,4.5,26,6,3
536,239,P8,2024-06-27 08:00:00,4557,10,3,4.3,0,24.0,1,18279.79,4,7030.32,0,Cable,795,346,4.5,26,6,3
537,415,P12,2024-06-27 16:00:00,2939,10,1,4.2,0,39.0,3,30643.47,3,8972.08,0,Cable,1852,828,2.6,26,6,3
538,367,P2,2024-06-28 00:00:00,2930,0,3,2.8,0,42.0,1,51575.48,4,9470.12,0,Cable,1224,1328,3.6,26,6,4
539,168,P12,2024-06-28 08:00:00,1518,20,1,3.1,0,26.0,1,17263.84,3,6473.58,0,Cable,1852,828,2.6,26,6,4
540,48,P5,2024-06-28 16:00:00,1735,20,2,5.2,0,25.0,1,20806.35,5,7436.64,0,Cable,1212,1906,4.5,26,6,4
541,51,P22,2024-06-29 00:00:00,4984,10,1,4.5,0,34.0,3,47764.89,4,10820.26,0,Smartwatch,3747,549,4.2,26,6,5
542,299,P5,2024-06-29 08:00:00,2643,5,3,4.2,0,50.0,1,36292.34,5,9494.05,0,Cable,1212,1906,4.5,26,6,5
543,98,P13,2024-06-29 16:00:00,1972,15,1,2.5,0,58.0,1,43115.32,6,12150.23,0,LaptopAccessory,2420,1277,,26,6,5
544,439,P9,2024-06-30 00:00:00,3409,5,3,7.9,1,36.0,2,64205.67,6,23311.98,0,LaptopAccessory,2448,630,4.0,26,6,6
545,216,P10,2024-06-30 08:00:00,1077,20,2,3.0,0,53.0,3,72448.82,3,23133.23,0,Earphones,856,957,3.3,26,6,6
546,177,P1,2024-06-30 16:00:00,3070,5,1,3.9,0,58.0,1,37345.79,7,14563.15,0,Cable,994,364,,26,6,6
547,380,P3,2024-07-01 00:00:00,3400,15,3,3.6,0,49.0,1,20755.12,2,4184.24,0,LaptopAccessory,451,1202,,27,7,0
548,474,P18,2024-07-01 08:00:00,4344,5,3,7.9,1,,3,48458.64,3,10649.83,0,LaptopAccessory,2479,437,4.0,27,7,0
549,80,P12,2024-07-01 16:00:00,3947,5,3,3.4,0,32.0,3,54588.32,5,12422.29,0,Cable,1852,828,2.6,27,7,0
550,185,P3,2024-07-02 00:00:00,3036,5,1,3.2,0,19.0,2,39753.66,3,8155.41,0,LaptopAccessory,451,1202,,27,7,1
551,367,P25,2024-07-02 08:00:00,492,5,1,4.2,0,42.0,1,51575.48,4,9470.12,0,Earphones,3991,372,,27,7,1
552,461,P9,2024-07-02 16:00:00,1851,0,1,,0,50.0,1,64630.23,5,15411.8,0,LaptopAccessory,2448,630,4.0,27,7,1
553,399,P2,2024-07-03 00:00:00,4831,20,2,4.2,0,18.0,1,50914.44,2,9371.96,0,Cable,1224,1328,3.6,27,7,2
554,27,P3,2024-07-03 08:00:00,4606,15,3,8.7,1,44.0,1,44617.03,2,14985.18,0,LaptopAccessory,451,1202,,27,7,2
555,452,P14,2024-07-03 16:00:00,736,20,3,4.6,0,41.0,3,40233.69,4,11042.07,0,Cable,3385,253,3.6,27,7,2
556,464,P4,2024-07-04 00:00:00,2886,0,2,4.5,0,46.0,1,73786.54,3,13131.43,0,Cable,885,254,4.3,27,7,3
557,448,P25,2024-07-04 08:00:00,433,0,2,2.6,0,45.0,3,,4,11233.39,0,Earphones,3991,372,,27,7,3
558,478,P19,2024-07-04 16:00:00,2852,0,1,7.4,1,51.0,2,44217.87,4,15310.05,0,Earphones,3709,1603,3.7,27,7,3
559,492,P13,2024-07-05 00:00:00,2574,0,1,7.9,1,52.0,1,54111.57,1,17236.68,1,LaptopAccessory,2420,1277,,27,7,4
560,414,P7,2024-07-05 08:00:00,2472,5,1,,0,54.0,1,24198.77,2,4910.46,0,LaptopAccessory,1877,1096,5.0,27,7,4
561,420,P12,2024-07-05 16:00:00,1166,20,1,,0,47.0,2,47435.23,3,15314.12,0,Cable,1852,828,2.6,27,7,4
562,195,P3,2024-07-06 00:00:00,1089,10,1,3.5,0,49.0,1,48859.82,5,18396.34,0,LaptopAccessory,451,1202,,27,7,5
563,214,P23,2024-07-06 08:00:00,4063,15,1,4.8,0,20.0,2,51193.8,3,17794.96,0,Cable,858,909,3.0,27,7,5
564,369,P23,2024-07-06 16:00:00,3600,0,2,2.3,0,39.0,1,57231.49,1,19838.95,0,Cable,858,909,3.0,27,7,5
565,342,P9,2024-07-07 00:00:00,936,20,2,1.7,0,26.0,3,63609.8,5,19525.19,0,LaptopAccessory,2448,630,4.0,27,7,6
566,114,P2,2024-07-07 08:00:00,4742,0,2,1.0,0,,2,32818.77,2,11729.81,0,Cable,1224,1328,3.6,27,7,6
567,242,P22,2024-07-07 16:00:00,3723,0,3,4.8,0,19.0,1,32469.19,2,8453.4,0,Smartwatch,3747,549,4.2,27,7,6
568,124,P9,2024-07-08 00:00:00,1963,0,3,1.2,0,44.0,1,53344.46,3,14007.42,0,LaptopAccessory,2448,630,4.0,28,7,0
569,305,P12,2024-07-08 08:00:00,3491,0,1,3.0,0,52.0,2,31432.32,3,8285.5,0,Cable,1852,828,2.6,28,7,0
570,76,P12,2024-07-08 16:00:00,2688,0,2,3.9,0,43.0,3,67186.73,3,14118.0,0,Cable,1852,828,2.6,28,7,0
571,311,P15,2024-07-09 00:00:00,2900,15,3,6.0,0,52.0,1,50473.35,4,13411.24,0,Cable,3804,1809,2.6,28,7,1
572,469,P2,2024-07-09 08:00:00,1758,20,3,2.8,0,52.0,2,19156.41,2,5773.25,0,Cable,1224,1328,3.6,28,7,1
573,312,P18,2024-07-09 16:00:00,4890,0,2,6.2,1,58.0,3,45902.28,1,12261.68,1,LaptopAccessory,2479,437,4.0,28,7,1
574,196,P13,2024-07-10 00:00:00,2476,0,3,5.9,0,23.0,2,56630.55,2,18408.63,0,LaptopAccessory,2420,1277,,28,7,2
575,351,P14,2024-07-10 08:00:00,4206,0,3,1.9,0,24.0,1,37410.59,6,9923.24,0,Cable,3385,253,3.6,28,7,2
576,44,P5,2024-07-10 16:00:00,4639,0,2,6.2,1,19.0,1,54740.36,2,11369.47,0,Cable,1212,1906,4.5,28,7,2
577,415,P10,2024-07-11 00:00:00,1303,5,3,3.4,0,39.0,3,30643.47,3,8972.08,0,Earphones,856,957,3.3,28,7,3
578,186,P12,2024-07-11 08:00:00,1619,5,2,3.0,0,45.0,3,57825.9,2,20669.86,0,Cable,1852,828,2.6,28,7,3
579,343,P10,2024-07-11 16:00:00,1678,10,3,3.4,0,56.0,2,21613.52,3,6753.55,0,Earphones,856,957,3.3,28,7,3
580,246,P24,2024-07-12 00:00:00,4114,0,2,4.0,0,54.0,1,31538.82,2,6236.92,0,Cable,2454,886,2.8,28,7,4
581,437,P11,2024-07-12 08:00:00,3942,10,3,3.2,0,48.0,1,44820.36,2,9917.86,0,LaptopAccessory,1405,637,3.9,28,7,4
582,84,P25,2024-07-12 16:00:00,3156,15,3,2.3,0,26.0,2,36287.22,3,10622.89,0,Earphones,3991,372,,28,7,4
583,207,P2,2024-07-13 00:00:00,1582,10,2,2.5,0,28.0,1,45530.1,3,10344.69,0,Cable,1224,1328,3.6,28,7,5
584,151,P5,2024-07-13 08:00:00,2774,20,3,4.3,0,45.0,1,42496.78,3,16094.58,0,Cable,1212,1906,4.5,28,7,5
585,156,P7,2024-07-13 16:00:00,3584,5,2,3.7,0,42.0,3,32035.05,3,9881.41,0,LaptopAccessory,1877,1096,5.0,28,7,5
586,16,P6,2024-07-14 00:00:00,1769,5,2,5.1,0,39.0,3,65446.85,1,21147.48,1,Earphones,2621,1087,4.6,28,7,6
587,165,P22,2024-07-14 08:00:00,2094,0,3,4.1,0,23.0,2,31716.65,4,6990.74,0,Smartwatch,3747,549,4.2,28,7,6
588,405,P23,2024-07-14 16:00:00,2443,0,1,4.2,0,33.0,2,,5,10421.57,0,Cable,858,909,3.0,28,7,6
589,463,P3,2024-07-15 00:00:00,2066,15,3,5.2,0,27.0,2,29677.74,1,9064.04,1,LaptopAccessory,451,1202,,29,7,0
590,145,P13,2024-07-15 08:00:00,228,15,1,,1,39.0,3,54764.84,2,18065.28,0,LaptopAccessory,2420,1277,,29,7,0
591,498,P3,2024-07-15 16:00:00,905,20,1,6.9,1,41.0,1,,3,7172.72,0,LaptopAccessory,451,1202,,29,7,0
592,37,P25,2024-07-16 00:00:00,1220,0,3,6.7,1,56.0,2,42937.68,1,10074.22,1,Earphones,3991,372,,29,7,1
593,333,P24,2024-07-16 08:00:00,2263,0,1,5.7,0,40.0,1,40570.05,2,11479.34,0,Cable,2454,886,2.8,29,7,1
594,403,P21,2024-07-16 16:00:00,1646,15,2,,1,57.0,2,41179.53,3,8440.54,0,Earphones,1727,1254,3.7,29,7,1
595,414,P6,2024-07-17 00:00:00,3864,15,2,4.9,0,54.0,1,24198.77,2,4910.46,0,Earphones,2621,1087,4.6,29,7,2
596,45,P11,2024-07-17 08:00:00,3187,15,1,4.7,0,37.0,1,64982.12,2,22798.7,0,LaptopAccessory,1405,637,3.9,29,7,2
597,402,P17,2024-07-17 16:00:00,3802,5,2,8.5,1,42.0,2,38789.25,7,12347.1,0,Earphones,1034,1556,3.5,29,7,2
598,206,P10,2024-07-18 00:00:00,3885,10,3,1.0,0,39.0,1,27745.96,1,9505.08,1,Earphones,856,957,3.3,29,7,3
599,62,P12,2024-07-18 08:00:00,3568,10,2,3.6,0,51.0,2,,3,18183.79,0,Cable,1852,828,2.6,29,7,3
600,420,P17,2024-07-18 16:00:00,3781,0,1,6.5,1,47.0,2,47435.23,3,15314.12,0,Earphones,1034,1556,3.5,29,7,3
601,356,P4,2024-07-19 00:00:00,2962,5,3,6.0,0,33.0,3,60701.37,6,17246.86,0,Cable,885,254,4.3,29,7,4
602,468,P2,2024-07-19 08:00:00,4237,15,2,9.1,1,19.0,2,74364.14,5,15491.55,0,Cable,1224,1328,3.6,29,7,4
603,308,P11,2024-07-19 16:00:00,772,0,3,4.2,0,47.0,1,53869.51,3,19013.54,0,LaptopAccessory,1405,637,3.9,29,7,4
604,19,P7,2024-07-20 00:00:00,4288,5,1,3.1,0,47.0,2,31826.21,6,9455.96,0,LaptopAccessory,1877,1096,5.0,29,7,5
605,365,P2,2024-07-20 08:00:00,814,20,2,3.3,0,40.0,1,48154.0,2,8007.3,0,Cable,1224,1328,3.6,29,7,5
606,300,P18,2024-07-20 16:00:00,4250,5,3,4.6,0,45.0,2,29770.24,1,8841.83,1,LaptopAccessory,2479,437,4.0,29,7,5
607,7,P21,2024-07-21 00:00:00,525,0,3,7.2,1,36.0,2,32159.15,3,9890.83,0,Earphones,1727,1254,3.7,29,7,6
608,249,P4,2024-07-21 08:00:00,3940,10,2,7.3,1,58.0,1,49753.02,5,9780.78,0,Cable,885,254,4.3,29,7,6
609,428,P8,2024-07-21 16:00:00,558,15,3,3.9,0,53.0,1,57805.45,1,17428.71,1,Cable,795,346,4.5,29,7,6
610,117,P20,2024-07-22 00:00:00,3977,20,3,4.5,0,,3,37196.93,2,6607.32,0,LaptopAccessory,3366,1816,,30,7,0
611,68,P14,2024-07-22 08:00:00,10284,5,1,2.8,0,25.0,2,41830.15,2,13390.37,0,Cable,3385,253,3.6,30,7,0
612,34,P12,2024-07-22 16:00:00,1921,0,1,3.0,0,24.0,1,45213.73,4,13216.24,0,Cable,1852,828,2.6,30,7,0
613,194,P22,2024-07-23 00:00:00,1549,0,1,6.1,1,43.0,1,34610.62,2,9733.83,0,Smartwatch,3747,549,4.2,30,7,1
614,325,P21,2024-07-23 08:00:00,3896,15,1,,1,42.0,3,35194.79,3,9150.43,0,Earphones,1727,1254,3.7,30,7,1
615,55,P18,2024-07-23 16:00:00,4096,0,1,2.6,0,19.0,3,30827.23,5,8394.79,0,LaptopAccessory,2479,437,4.0,30,7,1
616,266,P11,2024-07-24 00:00:00,4460,0,1,4.5,0,52.0,3,46715.63,2,11767.83,0,LaptopAccessory,1405,637,3.9,30,7,2
617,480,P8,2024-07-24 08:00:00,1796,15,2,3.5,0,24.0,1,39061.1,4,14687.17,0,Cable,795,346,4.5,30,7,2
618,42,P2,2024-07-24 16:00:00,1827,20,1,5.7,0,26.0,3,47088.96,1,14811.91,1,Cable,1224,1328,3.6,30,7,2
619,297,P25,2024-07-25 00:00:00,2702,10,3,3.2,0,38.0,2,43125.74,1,10857.95,1,Earphones,3991,372,,30,7,3
620,461,P15,2024-07-25 08:00:00,4008,10,2,1.0,0,50.0,1,64630.23,5,15411.8,0,Cable,3804,1809,2.6,30,7,3
621,231,P9,2024-07-25 16:00:00,392,5,3,6.0,0,28.0,2,57925.7,6,19832.03,0,LaptopAccessory,2448,630,4.0,30,7,3
622,453,P19,2024-07-26 00:00:00,2874,20,1,3.4,0,29.0,2,23555.87,9,9036.02,0,Earphones,3709,1603,3.7,30,7,4
623,378,P20,2024-07-26 08:00:00,4045,5,1,3.6,0,21.0,1,47155.61,2,10225.35,0,LaptopAccessory,3366,1816,,30,7,4
624,394,P8,2024-07-26 16:00:00,2777,10,3,4.9,0,43.0,3,43581.84,4,11133.98,0,Cable,795,346,4.5,30,7,4
625,10,P25,2024-07-27 00:00:00,291,15,3,4.7,0,28.0,3,18873.08,4,6498.32,1,Earphones,3991,372,,30,7,5
626,358,P19,2024-07-27 08:00:00,4434,0,3,4.9,0,29.0,1,45937.05,5,11723.15,0,Earphones,3709,1603,3.7,30,7,5
627,475,P5,2024-07-27 16:00:00,680,10,2,1.0,0,43.0,1,48921.32,5,12782.5,0,Cable,1212,1906,4.5,30,7,5
628,444,P11,2024-07-28 00:00:00,3116,20,1,5.1,0,,2,,1,7385.8,1,LaptopAccessory,1405,637,3.9,30,7,6
629,128,P15,2024-07-28 08:00:00,4635,10,3,1.0,0,43.0,3,61140.21,2,11367.6,0,Cable,3804,1809,2.6,30,7,6
630,179,P8,2024-07-28 16:00:00,1275,20,1,5.5,0,56.0,3,19310.21,4,5891.18,1,Cable,795,346,4.5,30,7,6
631,405,P19,2024-07-29 00:00:00,2713,20,3,6.2,1,33.0,2,,5,10421.57,0,Earphones,3709,1603,3.7,31,7,0
632,392,P23,2024-07-29 08:00:00,998,20,1,1.3,0,43.0,2,46450.62,1,8915.11,0,Cable,858,909,3.0,31,7,0
633,193,P8,2024-07-29 16:00:00,4770,5,2,4.7,0,19.0,1,48758.92,6,16393.4,0,Cable,795,346,4.5,31,7,0
634,92,P19,2024-07-30 00:00:00,4149,15,1,6.1,1,52.0,1,56211.71,4,10962.11,0,Earphones,3709,1603,3.7,31,7,1
635,369,P18,2024-07-30 08:00:00,804,10,3,3.1,0,39.0,1,57231.49,1,19838.95,0,LaptopAccessory,2479,437,4.0,31,7,1
636,231,P10,2024-07-30 16:00:00,3179,15,1,5.3,0,28.0,2,57925.7,6,19832.03,0,Earphones,856,957,3.3,31,7,1
637,78,P7,2024-07-31 00:00:00,797,0,2,1.0,0,58.0,3,31563.0,3,11815.11,0,LaptopAccessory,1877,1096,5.0,31,7,2
638,85,P9,2024-07-31 08:00:00,1732,10,2,6.2,1,41.0,2,38883.5,5,14422.12,0,LaptopAccessory,2448,630,4.0,31,7,2
639,30,P1,2024-07-31 16:00:00,713,15,1,4.1,0,33.0,2,51148.96,5,13867.38,0,Cable,994,364,,31,7,2
640,213,P19,2024-08-01 00:00:00,2077,15,3,3.5,0,46.0,2,19602.16,3,5609.94,0,Earphones,3709,1603,3.7,31,8,3
641,49,P5,2024-08-01 08:00:00,4172,0,2,6.0,0,52.0,3,30627.72,2,8051.37,0,Cable,1212,1906,4.5,31,8,3
642,265,P19,2024-08-01 16:00:00,4043,20,2,7.5,1,42.0,1,48546.51,1,14353.92,0,Earphones,3709,1603,3.7,31,8,3
643,145,P1,2024-08-02 00:00:00,1899,10,1,5.0,0,39.0,3,54764.84,2,18065.28,0,Cable,994,364,,31,8,4
644,69,P15,2024-08-02 08:00:00,1229,10,2,7.2,1,31.0,3,78401.27,1,17904.97,1,Cable,3804,1809,2.6,31,8,4
645,58,P16,2024-08-02 16:00:00,4795,0,2,1.0,0,21.0,3,19724.73,4,6037.94,1,Cable,456,191,2.7,31,8,4
646,185,P23,2024-08-03 00:00:00,916,20,3,5.3,0,19.0,2,39753.66,3,8155.41,0,Cable,858,909,3.0,31,8,5
647,62,P7,2024-08-03 08:00:00,4286,10,3,3.7,0,51.0,2,,3,18183.79,0,LaptopAccessory,1877,1096,5.0,31,8,5
648,479,P12,2024-08-03 16:00:00,865,10,3,2.4,0,58.0,1,41563.02,3,13479.6,0,Cable,1852,828,2.6,31,8,5
649,308,P8,2024-08-04 00:00:00,2408,10,1,1.0,0,47.0,1,53869.51,3,19013.54,0,Cable,795,346,4.5,31,8,6
650,445,P5,2024-08-04 08:00:00,1279,20,2,5.2,0,41.0,1,48961.0,5,9742.04,0,Cable,1212,1906,4.5,31,8,6
651,296,P10,2024-08-04 16:00:00,427,0,1,,0,51.0,2,40403.29,3,7848.4,0,Earphones,856,957,3.3,31,8,6
652,166,P21,2024-08-05 00:00:00,348,10,2,6.7,1,,1,49493.98,3,15421.13,0,Earphones,1727,1254,3.7,32,8,0
653,171,P5,2024-08-05 08:00:00,1269,15,2,6.4,1,59.0,1,30808.17,3,7442.01,0,Cable,1212,1906,4.5,32,8,0
654,63,P17,2024-08-05 16:00:00,4927,20,2,2.5,0,27.0,1,47399.77,1,16140.06,0,Earphones,1034,1556,3.5,32,8,0
655,147,P5,2024-08-06 00:00:00,1563,5,3,6.6,1,19.0,1,39258.04,3,13772.62,0,Cable,1212,1906,4.5,32,8,1
656,484,P22,2024-08-06 08:00:00,4708,0,1,6.8,1,53.0,1,38524.91,4,10068.19,0,Smartwatch,3747,549,4.2,32,8,1
657,306,P15,2024-08-06 16:00:00,1955,15,1,3.5,0,34.0,1,48588.74,3,9370.05,0,Cable,3804,1809,2.6,32,8,1
658,161,P13,2024-08-07 00:00:00,719,10,2,4.1,0,30.0,1,61307.56,3,19638.21,0,LaptopAccessory,2420,1277,,32,8,2
659,141,P1,2024-08-07 08:00:00,3744,5,1,2.1,0,53.0,3,39479.73,4,14470.43,0,Cable,994,364,,32,8,2
660,334,P11,2024-08-07 16:00:00,2522,0,3,7.0,1,19.0,1,41800.47,1,8496.43,1,LaptopAccessory,1405,637,3.9,32,8,2
661,97,P23,2024-08-08 00:00:00,1302,20,1,1.0,0,56.0,1,,3,12082.47,0,Cable,858,909,3.0,32,8,3
662,446,P1,2024-08-08 08:00:00,797,5,2,5.1,0,33.0,2,50517.59,2,10650.75,0,Cable,994,364,,32,8,3
663,221,P11,2024-08-08 16:00:00,3473,5,3,2.8,0,37.0,1,38570.57,1,10743.83,0,LaptopAccessory,1405,637,3.9,32,8,3
664,43,P18,2024-08-09 00:00:00,4249,15,3,1.8,0,43.0,2,43840.45,1,8061.86,0,LaptopAccessory,2479,437,4.0,32,8,4
665,433,P18,2024-08-09 08:00:00,2805,0,2,1.0,0,27.0,2,44539.53,2,7553.43,0,LaptopAccessory,2479,437,4.0,32,8,4
666,292,P21,2024-08-09 16:00:00,2388,15,1,3.6,0,55.0,1,,4,5286.53,0,Earphones,1727,1254,3.7,32,8,4
667,378,P16,2024-08-10 00:00:00,788,15,2,1.5,0,21.0,1,47155.61,2,10225.35,0,Cable,456,191,2.7,32,8,5
668,108,P13,2024-08-10 08:00:00,4672,10,1,4.1,0,54.0,3,32259.33,3,7377.29,0,LaptopAccessory,2420,1277,,32,8,5
669,266,P7,2024-08-10 16:00:00,1607,20,1,7.5,1,52.0,3,46715.63,2,11767.83,0,LaptopAccessory,1877,1096,5.0,32,8,5
670,95,P1,2024-08-11 00:00:00,4922,5,3,4.4,0,22.0,2,38947.51,2,8867.17,0,Cable,994,364,,32,8,6
671,262,P16,2024-08-11 08:00:00,3590,0,2,8.0,1,57.0,1,56759.44,5,14793.91,0,Cable,456,191,2.7,32,8,6
672,313,P1,2024-08-11 16:00:00,3640,20,3,2.0,0,54.0,1,53427.9,4,13162.69,0,Cable,994,364,,32,8,6
673,385,P17,2024-08-12 00:00:00,1829,20,2,1.4,0,30.0,2,62511.4,2,21820.47,0,Earphones,1034,1556,3.5,33,8,0
674,71,P6,2024-08-12 08:00:00,1194,0,2,1.9,0,57.0,1,57239.1,3,16645.84,0,Earphones,2621,1087,4.6,33,8,0
675,442,P2,2024-08-12 16:00:00,4998,20,3,3.9,0,22.0,1,,4,14511.35,0,Cable,1224,1328,3.6,33,8,0
676,219,P17,2024-08-13 00:00:00,2259,10,2,9.4,1,20.0,3,43740.76,1,11100.37,1,Earphones,1034,1556,3.5,33,8,1
677,21,P6,2024-08-13 08:00:00,4772,20,2,1.0,0,19.0,1,39435.48,2,11292.78,0,Earphones,2621,1087,4.6,33,8,1
678,92,P14,2024-08-13 16:00:00,3186,10,1,5.2,0,52.0,1,56211.71,4,10962.11,0,Cable,3385,253,3.6,33,8,1
679,127,P18,2024-08-14 00:00:00,600,5,2,2.6,0,32.0,3,,2,10618.41,0,LaptopAccessory,2479,437,4.0,33,8,2
680,80,P6,2024-08-14 08:00:00,3055,5,2,3.6,0,32.0,3,54588.32,5,12422.29,0,Earphones,2621,1087,4.6,33,8,2
681,312,P10,2024-08-14 16:00:00,2424,15,3,1.5,0,58.0,3,45902.28,1,12261.68,1,Earphones,856,957,3.3,33,8,2
682,238,P24,2024-08-15 00:00:00,3612,10,3,5.8,0,52.0,2,68217.36,4,22989.63,0,Cable,2454,886,2.8,33,8,3
683,471,P18,2024-08-15 08:00:00,256,5,2,3.9,0,34.0,1,55338.56,1,18689.73,0,LaptopAccessory,2479,437,4.0,33,8,3
684,372,P9,2024-08-15 16:00:00,2075,20,1,6.2,1,32.0,3,23204.95,2,5861.63,1,LaptopAccessory,2448,630,4.0,33,8,3
685,404,P8,2024-08-16 00:00:00,4743,0,1,4.4,0,18.0,3,15000.0,4,4819.44,1,Cable,795,346,4.5,33,8,4
686,486,P10,2024-08-16 08:00:00,4498,0,3,1.0,0,38.0,2,23446.16,1,5250.04,1,Earphones,856,957,3.3,33,8,4
687,182,P17,2024-08-16 16:00:00,3968,10,2,6.2,1,54.0,3,66918.37,1,11723.88,1,Earphones,1034,1556,3.5,33,8,4
688,25,P23,2024-08-17 00:00:00,4497,15,2,1.0,0,,3,34545.82,4,8870.49,0,Cable,858,909,3.0,33,8,5
689,156,P6,2024-08-17 08:00:00,1553,20,1,1.0,0,42.0,3,32035.05,3,9881.41,0,Earphones,2621,1087,4.6,33,8,5
690,5,P14,2024-08-17 16:00:00,2610,10,1,2.2,0,38.0,1,53860.41,5,17812.71,0,Cable,3385,253,3.6,33,8,5
691,120,P22,2024-08-18 00:00:00,4511,0,1,2.2,0,,1,42948.32,4,11602.06,0,Smartwatch,3747,549,4.2,33,8,6
692,277,P22,2024-08-18 08:00:00,2802,10,3,6.8,1,21.0,1,41921.57,4,15259.6,0,Smartwatch,3747,549,4.2,33,8,6
693,18,P6,2024-08-18 16:00:00,3134,20,2,3.7,0,41.0,2,38549.3,5,11984.8,0,Earphones,2621,1087,4.6,33,8,6
694,431,P7,2024-08-19 00:00:00,222,5,3,6.5,1,54.0,1,64501.47,3,15205.24,0,LaptopAccessory,1877,1096,5.0,34,8,0
695,198,P12,2024-08-19 08:00:00,2402,20,2,2.9,0,21.0,1,47609.11,1,8212.83,0,Cable,1852,828,2.6,34,8,0
696,57,P3,2024-08-19 16:00:00,1409,5,3,4.6,0,59.0,2,26151.5,2,5885.74,0,LaptopAccessory,451,1202,,34,8,0
697,93,P14,2024-08-20 00:00:00,2496,5,2,4.9,0,52.0,3,52508.83,1,11260.18,1,Cable,3385,253,3.6,34,8,1
698,19,P22,2024-08-20 08:00:00,948,5,1,5.4,0,47.0,2,31826.21,6,9455.96,0,Smartwatch,3747,549,4.2,34,8,1
699,384,P19,2024-08-20 16:00:00,1004,10,1,3.1,0,33.0,2,33578.27,2,6535.22,0,Earphones,3709,1603,3.7,34,8,1
700,353,P23,2024-08-21 00:00:00,333,0,1,3.2,0,37.0,3,49784.84,5,14687.44,0,Cable,858,909,3.0,34,8,2
701,193,P16,2024-08-21 08:00:00,4616,10,3,3.4,0,19.0,1,48758.92,6,16393.4,0,Cable,456,191,2.7,34,8,2
702,237,P7,2024-08-21 16:00:00,2637,0,1,1.0,0,59.0,2,31672.01,5,6679.28,0,LaptopAccessory,1877,1096,5.0,34,8,2
703,387,P8,2024-08-22 00:00:00,633,20,2,3.8,0,47.0,1,34770.22,4,11762.19,0,Cable,795,346,4.5,34,8,3
704,426,P18,2024-08-22 08:00:00,3871,15,3,3.2,0,38.0,1,55759.82,1,14726.86,0,LaptopAccessory,2479,437,4.0,34,8,3
705,277,P25,2024-08-22 16:00:00,3936,20,2,5.2,0,21.0,1,41921.57,4,15259.6,0,Earphones,3991,372,,34,8,3
706,227,P13,2024-08-23 00:00:00,4239,10,3,4.2,0,56.0,1,56104.48,4,13887.18,0,LaptopAccessory,2420,1277,,34,8,4
707,233,P21,2024-08-23 08:00:00,2298,10,2,6.7,1,42.0,1,31616.17,1,9355.98,1,Earphones,1727,1254,3.7,34,8,4
708,40,P9,2024-08-23 16:00:00,3117,0,2,4.1,0,42.0,2,15000.0,3,4416.7,0,LaptopAccessory,2448,630,4.0,34,8,4
709,323,P10,2024-08-24 00:00:00,452,10,3,2.9,0,20.0,1,30228.73,1,8741.38,1,Earphones,856,957,3.3,34,8,5
710,153,P21,2024-08-24 08:00:00,1329,5,3,4.1,0,47.0,2,44337.53,1,15170.83,1,Earphones,1727,1254,3.7,34,8,5
711,127,P23,2024-08-24 16:00:00,3464,10,1,5.4,0,32.0,3,,2,10618.41,0,Cable,858,909,3.0,34,8,5
712,237,P9,2024-08-25 00:00:00,501,0,1,1.0,0,59.0,2,31672.01,5,6679.28,0,LaptopAccessory,2448,630,4.0,34,8,6
713,486,P15,2024-08-25 08:00:00,2177,0,2,2.6,0,38.0,2,23446.16,1,5250.04,1,Cable,3804,1809,2.6,34,8,6
714,493,P20,2024-08-25 16:00:00,2963,5,2,2.6,0,52.0,1,25262.69,2,8021.16,0,LaptopAccessory,3366,1816,,34,8,6
715,55,P2,2024-08-26 00:00:00,4205,0,2,4.8,0,19.0,3,30827.23,5,8394.79,0,Cable,1224,1328,3.6,35,8,0
716,468,P25,2024-08-26 08:00:00,3441,15,3,5.1,0,19.0,2,74364.14,5,15491.55,0,Earphones,3991,372,,35,8,0
717,436,P13,2024-08-26 16:00:00,3257,20,3,4.2,0,51.0,2,44931.44,1,14333.51,1,LaptopAccessory,2420,1277,,35,8,0
718,172,P2,2024-08-27 00:00:00,750,10,1,1.0,0,41.0,2,34184.48,2,6771.37,0,Cable,1224,1328,3.6,35,8,1
719,109,P19,2024-08-27 08:00:00,1787,15,2,1.0,0,52.0,2,41441.81,5,9433.77,0,Earphones,3709,1603,3.7,35,8,1
720,354,P2,2024-08-27 16:00:00,2022,10,1,3.5,0,18.0,2,16354.12,2,6273.87,0,Cable,1224,1328,3.6,35,8,1
721,469,P3,2024-08-28 00:00:00,3417,15,3,3.0,0,52.0,2,19156.41,2,5773.25,0,LaptopAccessory,451,1202,,35,8,2
722,184,P6,2024-08-28 08:00:00,3696,10,3,4.0,0,19.0,1,43356.82,1,12154.83,1,Earphones,2621,1087,4.6,35,8,2
723,439,P3,2024-08-28 16:00:00,4609,5,3,3.1,0,36.0,2,64205.67,6,23311.98,0,LaptopAccessory,451,1202,,35,8,2
724,368,P10,2024-08-29 00:00:00,4479,0,1,7.1,1,39.0,2,15000.0,4,7021.06,0,Earphones,856,957,3.3,35,8,3
725,471,P24,2024-08-29 08:00:00,912,0,3,,0,34.0,1,55338.56,1,18689.73,0,Cable,2454,886,2.8,35,8,3
726,198,P6,2024-08-29 16:00:00,2375,5,2,4.6,0,21.0,1,47609.11,1,8212.83,0,Earphones,2621,1087,4.6,35,8,3
727,371,P23,2024-08-30 00:00:00,4272,15,1,5.7,0,23.0,3,34563.39,4,11727.5,0,Cable,858,909,3.0,35,8,4
728,373,P16,2024-08-30 08:00:00,4049,20,3,5.4,0,54.0,1,20579.78,3,7319.16,0,Cable,456,191,2.7,35,8,4
729,461,P17,2024-08-30 16:00:00,2633,15,1,5.6,0,50.0,1,64630.23,5,15411.8,0,Earphones,1034,1556,3.5,35,8,4
730,497,P19,2024-08-31 00:00:00,3501,0,1,5.9,0,49.0,3,41580.63,1,10448.39,1,Earphones,3709,1603,3.7,35,8,5
731,87,P3,2024-08-31 08:00:00,470,20,3,2.8,0,25.0,2,42665.52,3,11435.75,0,LaptopAccessory,451,1202,,35,8,5
732,201,P18,2024-08-31 16:00:00,1994,10,3,1.8,0,55.0,2,60732.38,2,17675.33,0,LaptopAccessory,2479,437,4.0,35,8,5
733,337,P7,2024-09-01 00:00:00,2662,20,1,1.0,0,19.0,2,36139.35,6,14200.06,0,LaptopAccessory,1877,1096,5.0,35,9,6
734,322,P9,2024-09-01 08:00:00,4493,15,1,3.3,0,50.0,3,42968.66,3,13012.14,0,LaptopAccessory,2448,630,4.0,35,9,6
735,275,P20,2024-09-01 16:00:00,3594,5,3,2.4,0,53.0,1,39397.63,1,9092.93,1,LaptopAccessory,3366,1816,,35,9,6
736,211,P12,2024-09-02 00:00:00,1279,10,2,,1,23.0,1,42866.49,7,9811.88,0,Cable,1852,828,2.6,36,9,0
737,391,P5,2024-09-02 08:00:00,3078,15,1,3.4,0,45.0,2,45729.03,4,11594.92,0,Cable,1212,1906,4.5,36,9,0
738,118,P3,2024-09-02 16:00:00,4923,10,1,,0,20.0,3,33404.03,1,5756.84,1,LaptopAccessory,451,1202,,36,9,0
739,191,P11,2024-09-03 00:00:00,803,20,2,1.6,0,18.0,1,,5,16803.62,0,LaptopAccessory,1405,637,3.9,36,9,1
740,42,P25,2024-09-03 08:00:00,1785,0,3,8.0,1,26.0,3,47088.96,1,14811.91,1,Earphones,3991,372,,36,9,1
741,42,P4,2024-09-03 16:00:00,3257,15,3,4.0,0,26.0,3,47088.96,1,14811.91,1,Cable,885,254,4.3,36,9,1
742,315,P5,2024-09-04 00:00:00,4185,5,2,2.4,0,46.0,3,55743.29,1,17857.98,1,Cable,1212,1906,4.5,36,9,2
743,276,P1,2024-09-04 08:00:00,4889,20,3,4.2,0,50.0,3,18538.37,2,4653.01,1,Cable,994,364,,36,9,2
744,329,P18,2024-09-04 16:00:00,1595,15,3,7.8,1,57.0,2,39634.68,4,8217.46,0,LaptopAccessory,2479,437,4.0,36,9,2
745,17,P12,2024-09-05 00:00:00,3888,5,1,3.2,0,19.0,3,43165.26,2,7976.69,0,Cable,1852,828,2.6,36,9,3
746,283,P13,2024-09-05 08:00:00,799,15,1,5.4,0,24.0,3,33215.41,4,12416.54,0,LaptopAccessory,2420,1277,,36,9,3
747,431,P9,2024-09-05 16:00:00,713,20,1,6.4,1,54.0,1,64501.47,3,15205.24,0,LaptopAccessory,2448,630,4.0,36,9,3
748,258,P2,2024-09-06 00:00:00,1266,15,2,1.0,0,28.0,2,45280.83,5,16794.47,0,Cable,1224,1328,3.6,36,9,4
749,63,P5,2024-09-06 08:00:00,3086,10,3,2.7,0,27.0,1,47399.77,1,16140.06,0,Cable,1212,1906,4.5,36,9,4
750,62,P13,2024-09-06 16:00:00,2853,20,3,6.1,1,51.0,2,,3,18183.79,0,LaptopAccessory,2420,1277,,36,9,4
751,100,P16,2024-09-07 00:00:00,1288,15,1,2.6,0,24.0,1,20848.77,1,4255.51,1,Cable,456,191,2.7,36,9,5
752,19,P16,2024-09-07 08:00:00,4585,0,1,4.8,0,47.0,2,31826.21,6,9455.96,0,Cable,456,191,2.7,36,9,5
753,17,P24,2024-09-07 16:00:00,2714,15,2,2.5,0,19.0,3,43165.26,2,7976.69,0,Cable,2454,886,2.8,36,9,5
754,325,P3,2024-09-08 00:00:00,4169,10,3,3.1,0,42.0,3,35194.79,3,9150.43,0,LaptopAccessory,451,1202,,36,9,6
755,423,P22,2024-09-08 08:00:00,3484,5,2,2.9,0,33.0,1,76051.23,3,21211.67,0,Smartwatch,3747,549,4.2,36,9,6
756,466,P4,2024-09-08 16:00:00,4766,5,3,5.3,0,29.0,2,35127.53,3,9726.5,0,Cable,885,254,4.3,36,9,6
757,373,P11,2024-09-09 00:00:00,2396,5,2,4.4,0,54.0,1,20579.78,3,7319.16,0,LaptopAccessory,1405,637,3.9,37,9,0
758,246,P23,2024-09-09 08:00:00,4383,0,1,4.2,0,54.0,1,31538.82,2,6236.92,0,Cable,858,909,3.0,37,9,0
759,251,P14,2024-09-09 16:00:00,989,10,2,9.0,1,36.0,2,67699.55,2,18452.12,0,Cable,3385,253,3.6,37,9,0
760,455,P3,2024-09-10 00:00:00,3675,20,2,7.5,1,50.0,1,63917.58,2,17717.75,0,LaptopAccessory,451,1202,,37,9,1
761,81,P16,2024-09-10 08:00:00,3353,5,1,1.0,0,18.0,1,49327.15,2,7955.52,0,Cable,456,191,2.7,37,9,1
762,39,P22,2024-09-10 16:00:00,1864,10,3,,0,21.0,1,46123.79,4,11515.24,0,Smartwatch,3747,549,4.2,37,9,1
763,36,P15,2024-09-11 00:00:00,1509,15,3,8.9,1,26.0,3,28325.43,2,9737.46,1,Cable,3804,1809,2.6,37,9,2
764,424,P10,2024-09-11 08:00:00,1064,0,1,2.9,0,,1,39135.72,1,9201.09,1,Earphones,856,957,3.3,37,9,2
765,429,P9,2024-09-11 16:00:00,4063,10,2,8.2,1,,2,49580.95,2,10587.31,0,LaptopAccessory,2448,630,4.0,37,9,2
766,388,P11,2024-09-12 00:00:00,3563,10,2,3.1,0,36.0,1,34761.13,4,7746.26,0,LaptopAccessory,1405,637,3.9,37,9,3
767,486,P16,2024-09-12 08:00:00,3724,20,2,3.5,0,38.0,2,23446.16,1,5250.04,1,Cable,456,191,2.7,37,9,3
768,409,P10,2024-09-12 16:00:00,3986,10,3,5.7,0,46.0,2,71325.62,2,14760.87,0,Earphones,856,957,3.3,37,9,3
769,197,P17,2024-09-13 00:00:00,223,20,2,3.8,0,49.0,1,52307.23,1,16176.9,0,Earphones,1034,1556,3.5,37,9,4
770,158,P19,2024-09-13 08:00:00,3203,0,3,5.0,0,50.0,2,31667.84,5,12666.73,0,Earphones,3709,1603,3.7,37,9,4
771,204,P2,2024-09-13 16:00:00,510,0,2,7.1,1,51.0,1,,5,15881.14,0,Cable,1224,1328,3.6,37,9,4
772,196,P24,2024-09-14 00:00:00,1431,15,1,5.5,0,23.0,2,56630.55,2,18408.63,0,Cable,2454,886,2.8,37,9,5
773,216,P23,2024-09-14 08:00:00,3988,20,1,4.3,0,53.0,3,72448.82,3,23133.23,0,Cable,858,909,3.0,37,9,5
774,285,P2,2024-09-14 16:00:00,2911,20,3,7.3,1,34.0,3,16241.46,1,4231.79,1,Cable,1224,1328,3.6,37,9,5
775,457,P6,2024-09-15 00:00:00,621,5,3,,0,54.0,1,25129.11,2,8359.8,0,Earphones,2621,1087,4.6,37,9,6
776,196,P19,2024-09-15 08:00:00,1973,5,1,2.5,0,23.0,2,56630.55,2,18408.63,0,Earphones,3709,1603,3.7,37,9,6
777,307,P8,2024-09-15 16:00:00,3768,15,1,8.0,1,45.0,1,,4,18459.47,0,Cable,795,346,4.5,37,9,6
778,152,P3,2024-09-16 00:00:00,1146,0,2,5.3,0,37.0,2,47386.77,3,14631.64,0,LaptopAccessory,451,1202,,38,9,0
779,14,P14,2024-09-16 08:00:00,1386,5,1,3.6,0,41.0,1,66321.91,2,16450.39,0,Cable,3385,253,3.6,38,9,0
780,325,P25,2024-09-16 16:00:00,2034,10,3,1.0,0,42.0,3,35194.79,3,9150.43,0,Earphones,3991,372,,38,9,0
781,146,P16,2024-09-17 00:00:00,1764,0,1,1.2,0,45.0,2,36790.17,8,14139.55,0,Cable,456,191,2.7,38,9,1
782,426,P1,2024-09-17 08:00:00,2147,10,3,7.4,1,38.0,1,55759.82,1,14726.86,0,Cable,994,364,,38,9,1
783,57,P21,2024-09-17 16:00:00,1508,20,3,7.5,1,59.0,2,26151.5,2,5885.74,0,Earphones,1727,1254,3.7,38,9,1
784,211,P3,2024-09-18 00:00:00,3186,0,2,4.2,0,23.0,1,42866.49,7,9811.88,0,LaptopAccessory,451,1202,,38,9,2
785,268,P22,2024-09-18 08:00:00,586,15,2,1.0,0,46.0,1,59937.29,2,17336.54,0,Smartwatch,3747,549,4.2,38,9,2
786,210,P18,2024-09-18 16:00:00,1361,20,2,1.8,0,26.0,2,59176.78,6,14624.45,0,LaptopAccessory,2479,437,4.0,38,9,2
787,17,P9,2024-09-19 00:00:00,3458,20,2,1.0,0,19.0,3,43165.26,2,7976.69,0,LaptopAccessory,2448,630,4.0,38,9,3
788,286,P6,2024-09-19 08:00:00,4133,10,1,1.0,0,50.0,1,51406.22,2,17054.35,0,Earphones,2621,1087,4.6,38,9,3
789,344,P23,2024-09-19 16:00:00,3047,20,2,8.1,1,,1,18034.38,2,5049.49,0,Cable,858,909,3.0,38,9,3
790,203,P21,2024-09-20 00:00:00,4721,5,1,8.1,1,,1,37493.23,5,9906.49,0,Earphones,1727,1254,3.7,38,9,4
791,99,P25,2024-09-20 08:00:00,1639,0,2,1.8,0,45.0,2,44073.68,2,14101.33,0,Earphones,3991,372,,38,9,4
792,279,P1,2024-09-20 16:00:00,3642,5,2,,0,31.0,2,52609.65,1,10618.16,1,Cable,994,364,,38,9,4
793,209,P21,2024-09-21 00:00:00,4680,10,3,1.4,0,50.0,1,,2,9045.17,0,Earphones,1727,1254,3.7,38,9,5
794,129,P10,2024-09-21 08:00:00,255,10,1,4.0,0,59.0,3,74483.47,2,20824.47,0,Earphones,856,957,3.3,38,9,5
795,335,P6,2024-09-21 16:00:00,3524,0,3,7.3,1,44.0,1,49202.77,1,12696.58,1,Earphones,2621,1087,4.6,38,9,5
796,288,P23,2024-09-22 00:00:00,305,20,2,6.2,1,39.0,2,46381.86,2,11715.08,0,Cable,858,909,3.0,38,9,6
797,252,P12,2024-09-22 08:00:00,3401,15,1,5.6,0,33.0,2,23948.73,1,4525.92,1,Cable,1852,828,2.6,38,9,6
798,265,P4,2024-09-22 16:00:00,869,10,2,3.6,0,42.0,1,48546.51,1,14353.92,0,Cable,885,254,4.3,38,9,6
799,271,P13,2024-09-23 00:00:00,4671,0,3,6.5,1,,1,38653.96,3,10342.06,0,LaptopAccessory,2420,1277,,39,9,0
800,412,P17,2024-09-23 08:00:00,942,15,1,5.3,0,43.0,3,24401.41,1,6164.11,1,Earphones,1034,1556,3.5,39,9,0
801,408,P8,2024-09-23 16:00:00,1166,20,3,4.8,0,39.0,2,15000.0,3,3523.38,0,Cable,795,346,4.5,39,9,0
802,188,P20,2024-09-24 00:00:00,507,10,2,3.8,0,54.0,1,32036.97,1,8543.97,1,LaptopAccessory,3366,1816,,39,9,1
803,419,P3,2024-09-24 08:00:00,2338,0,2,4.6,0,22.0,3,53051.02,7,9960.57,0,LaptopAccessory,451,1202,,39,9,1
804,214,P12,2024-09-24 16:00:00,3664,0,2,4.6,0,20.0,2,51193.8,3,17794.96,0,Cable,1852,828,2.6,39,9,1
805,283,P7,2024-09-25 00:00:00,309,0,1,2.9,0,24.0,3,33215.41,4,12416.54,0,LaptopAccessory,1877,1096,5.0,39,9,2
806,211,P12,2024-09-25 08:00:00,3832,10,3,2.5,0,23.0,1,42866.49,7,9811.88,0,Cable,1852,828,2.6,39,9,2
807,365,P2,2024-09-25 16:00:00,4635,15,3,2.0,0,40.0,1,48154.0,2,8007.3,0,Cable,1224,1328,3.6,39,9,2
808,76,P24,2024-09-26 00:00:00,2115,0,2,2.1,0,43.0,3,67186.73,3,14118.0,0,Cable,2454,886,2.8,39,9,3
809,148,P14,2024-09-26 08:00:00,4463,20,3,3.6,0,59.0,2,50122.29,4,12012.33,0,Cable,3385,253,3.6,39,9,3
810,321,P22,2024-09-26 16:00:00,756,0,1,3.3,0,40.0,3,66039.46,3,16038.06,0,Smartwatch,3747,549,4.2,39,9,3
811,213,P23,2024-09-27 00:00:00,304,15,2,2.8,0,46.0,2,19602.16,3,5609.94,0,Cable,858,909,3.0,39,9,4
812,433,P5,2024-09-27 08:00:00,2247,10,2,2.6,0,27.0,2,44539.53,2,7553.43,0,Cable,1212,1906,4.5,39,9,4
813,109,P9,2024-09-27 16:00:00,345,0,2,4.6,0,52.0,2,41441.81,5,9433.77,0,LaptopAccessory,2448,630,4.0,39,9,4
814,129,P21,2024-09-28 00:00:00,2963,0,1,6.8,1,59.0,3,74483.47,2,20824.47,0,Earphones,1727,1254,3.7,39,9,5
815,10,P11,2024-09-28 08:00:00,1073,20,2,4.0,0,28.0,3,18873.08,4,6498.32,1,LaptopAccessory,1405,637,3.9,39,9,5
816,47,P5,2024-09-28 16:00:00,498,20,2,3.8,0,24.0,1,15000.0,2,4983.18,0,Cable,1212,1906,4.5,39,9,5
817,379,P3,2024-09-29 00:00:00,3438,0,2,2.1,0,23.0,3,41152.33,4,16315.75,0,LaptopAccessory,451,1202,,39,9,6
818,315,P17,2024-09-29 08:00:00,845,0,2,3.6,0,46.0,3,55743.29,1,17857.98,1,Earphones,1034,1556,3.5,39,9,6
819,96,P2,2024-09-29 16:00:00,4933,20,3,6.4,1,59.0,2,15085.59,3,6077.69,0,Cable,1224,1328,3.6,39,9,6
820,446,P24,2024-09-30 00:00:00,3278,15,2,6.1,1,33.0,2,50517.59,2,10650.75,0,Cable,2454,886,2.8,40,9,0
821,103,P1,2024-09-30 08:00:00,2711,5,1,,0,29.0,3,39406.67,6,12415.45,0,Cable,994,364,,40,9,0
822,380,P7,2024-09-30 16:00:00,983,5,2,5.9,0,49.0,1,20755.12,2,4184.24,0,LaptopAccessory,1877,1096,5.0,40,9,0
823,342,P14,2024-10-01 00:00:00,570,0,2,4.9,0,26.0,3,63609.8,5,19525.19,0,Cable,3385,253,3.6,40,10,1
824,146,P5,2024-10-01 08:00:00,686,20,3,4.8,0,45.0,2,36790.17,8,14139.55,0,Cable,1212,1906,4.5,40,10,1
825,368,P19,2024-10-01 16:00:00,2237,10,2,4.5,0,39.0,2,15000.0,4,7021.06,0,Earphones,3709,1603,3.7,40,10,1
826,430,P11,2024-10-02 00:00:00,3396,10,3,3.2,0,47.0,3,22854.93,4,9353.52,1,LaptopAccessory,1405,637,3.9,40,10,2
827,416,P23,2024-10-02 08:00:00,1560,5,1,4.2,0,46.0,3,68710.47,6,17439.77,0,Cable,858,909,3.0,40,10,2
828,27,P25,2024-10-02 16:00:00,4487,15,3,4.4,0,44.0,1,44617.03,2,14985.18,0,Earphones,3991,372,,40,10,2
829,220,P2,2024-10-03 00:00:00,2461,5,2,5.3,0,36.0,3,63661.8,3,14301.24,0,Cable,1224,1328,3.6,40,10,3
830,18,P8,2024-10-03 08:00:00,2821,0,1,4.2,0,41.0,2,38549.3,5,11984.8,0,Cable,795,346,4.5,40,10,3
831,167,P9,2024-10-03 16:00:00,1156,15,2,8.2,1,44.0,1,43043.85,4,14356.49,0,LaptopAccessory,2448,630,4.0,40,10,3
832,433,P3,2024-10-04 00:00:00,580,10,3,1.6,0,27.0,2,44539.53,2,7553.43,0,LaptopAccessory,451,1202,,40,10,4
833,477,P2,2024-10-04 08:00:00,3849,20,1,5.5,0,43.0,2,51383.93,5,16867.53,0,Cable,1224,1328,3.6,40,10,4
834,82,P7,2024-10-04 16:00:00,438,20,1,,0,42.0,2,16446.63,1,5875.91,1,LaptopAccessory,1877,1096,5.0,40,10,4
835,428,P5,2024-10-05 00:00:00,1305,0,3,4.0,0,53.0,1,57805.45,1,17428.71,1,Cable,1212,1906,4.5,40,10,5
836,72,P21,2024-10-05 08:00:00,1586,5,3,2.4,0,38.0,3,29452.35,3,10842.01,1,Earphones,1727,1254,3.7,40,10,5
837,310,P5,2024-10-05 16:00:00,2752,0,1,6.0,0,23.0,3,30295.95,2,5421.76,0,Cable,1212,1906,4.5,40,10,5
838,479,P20,2024-10-06 00:00:00,2449,20,1,5.3,0,58.0,1,41563.02,3,13479.6,0,LaptopAccessory,3366,1816,,40,10,6
839,254,P13,2024-10-06 08:00:00,1727,10,3,5.7,0,37.0,2,29621.38,1,8033.04,1,LaptopAccessory,2420,1277,,40,10,6
840,162,P21,2024-10-06 16:00:00,1867,20,2,4.3,0,58.0,1,31438.81,4,7692.45,0,Earphones,1727,1254,3.7,40,10,6
841,327,P20,2024-10-07 00:00:00,4332,15,1,3.4,0,48.0,1,47842.53,1,9209.84,0,LaptopAccessory,3366,1816,,41,10,0
842,420,P6,2024-10-07 08:00:00,2891,20,3,3.9,0,47.0,2,47435.23,3,15314.12,0,Earphones,2621,1087,4.6,41,10,0
843,402,P20,2024-10-07 16:00:00,3872,20,2,4.9,0,42.0,2,38789.25,7,12347.1,0,LaptopAccessory,3366,1816,,41,10,0
844,38,P18,2024-10-08 00:00:00,2196,15,1,1.0,0,35.0,1,25324.41,1,8547.42,1,LaptopAccessory,2479,437,4.0,41,10,1
845,443,P25,2024-10-08 08:00:00,1625,5,1,5.7,0,21.0,2,57842.06,4,14316.12,0,Earphones,3991,372,,41,10,1
846,393,P2,2024-10-08 16:00:00,3012,20,3,8.9,1,54.0,2,55454.25,1,10429.97,1,Cable,1224,1328,3.6,41,10,1
847,201,P25,2024-10-09 00:00:00,3447,0,2,5.0,0,55.0,2,60732.38,2,17675.33,0,Earphones,3991,372,,41,10,2
848,494,P6,2024-10-09 08:00:00,2792,20,1,3.4,0,53.0,1,,1,10221.65,1,Earphones,2621,1087,4.6,41,10,2
849,200,P9,2024-10-09 16:00:00,1690,0,2,3.7,0,34.0,2,57539.43,3,11897.73,0,LaptopAccessory,2448,630,4.0,41,10,2
850,255,P25,2024-10-10 00:00:00,1424,15,2,5.4,0,41.0,1,39316.21,3,9721.76,0,Earphones,3991,372,,41,10,3
851,179,P3,2024-10-10 08:00:00,2787,20,1,3.5,0,56.0,3,19310.21,4,5891.18,1,LaptopAccessory,451,1202,,41,10,3
852,35,P1,2024-10-10 16:00:00,3264,15,2,5.7,0,38.0,1,31903.6,5,10393.58,0,Cable,994,364,,41,10,3
853,82,P1,2024-10-11 00:00:00,1032,15,1,3.7,0,42.0,2,16446.63,1,5875.91,1,Cable,994,364,,41,10,4
854,389,P19,2024-10-11 08:00:00,4892,5,2,7.4,1,34.0,1,35175.47,4,9237.62,0,Earphones,3709,1603,3.7,41,10,4
855,398,P5,2024-10-11 16:00:00,2640,20,1,7.4,1,18.0,2,39441.67,2,9475.18,0,Cable,1212,1906,4.5,41,10,4
856,220,P13,2024-10-12 00:00:00,4995,0,3,3.3,0,36.0,3,63661.8,3,14301.24,0,LaptopAccessory,2420,1277,,41,10,5
857,158,P19,2024-10-12 08:00:00,1846,0,1,3.8,0,50.0,2,31667.84,5,12666.73,0,Earphones,3709,1603,3.7,41,10,5
858,4,P12,2024-10-12 16:00:00,640,20,1,,0,25.0,3,21233.3,5,7292.6,1,Cable,1852,828,2.6,41,10,5
859,167,P16,2024-10-13 00:00:00,1729,5,1,4.0,0,44.0,1,43043.85,4,14356.49,0,Cable,456,191,2.7,41,10,6
860,468,P25,2024-10-13 08:00:00,3165,5,2,2.1,0,19.0,2,74364.14,5,15491.55,0,Earphones,3991,372,,41,10,6
861,448,P25,2024-10-13 16:00:00,2567,5,3,1.8,0,45.0,3,,4,11233.39,0,Earphones,3991,372,,41,10,6
862,409,P19,2024-10-14 00:00:00,3486,0,2,6.5,1,46.0,2,71325.62,2,14760.87,0,Earphones,3709,1603,3.7,42,10,0
863,412,P3,2024-10-14 08:00:00,4863,15,2,6.2,1,43.0,3,24401.41,1,6164.11,1,LaptopAccessory,451,1202,,42,10,0
864,204,P12,2024-10-14 16:00:00,4531,5,1,6.1,1,51.0,1,,5,15881.14,0,Cable,1852,828,2.6,42,10,0
865,194,P5,2024-10-15 00:00:00,1504,0,2,3.9,0,43.0,1,34610.62,2,9733.83,0,Cable,1212,1906,4.5,42,10,1
866,235,P2,2024-10-15 08:00:00,3234,0,1,7.8,1,48.0,2,63482.86,3,16016.95,0,Cable,1224,1328,3.6,42,10,1
867,206,P22,2024-10-15 16:00:00,3888,15,3,4.0,0,39.0,1,27745.96,1,9505.08,1,Smartwatch,3747,549,4.2,42,10,1
868,150,P7,2024-10-16 00:00:00,4173,20,2,5.7,0,45.0,1,45736.15,4,8499.79,0,LaptopAccessory,1877,1096,5.0,42,10,2
869,159,P13,2024-10-16 08:00:00,1385,20,2,1.2,0,18.0,3,30439.19,1,10575.05,1,LaptopAccessory,2420,1277,,42,10,2
870,279,P25,2024-10-16 16:00:00,3462,5,2,3.5,0,31.0,2,52609.65,1,10618.16,1,Earphones,3991,372,,42,10,2
871,304,P15,2024-10-17 00:00:00,2307,5,1,3.7,0,21.0,2,49612.64,2,8627.1,0,Cable,3804,1809,2.6,42,10,3
872,404,P22,2024-10-17 08:00:00,2040,15,1,3.9,0,18.0,3,15000.0,4,4819.44,1,Smartwatch,3747,549,4.2,42,10,3
873,381,P3,2024-10-17 16:00:00,4520,5,2,1.3,0,47.0,1,54944.0,2,15335.66,0,LaptopAccessory,451,1202,,42,10,3
874,166,P21,2024-10-18 00:00:00,2947,15,2,5.4,0,,1,49493.98,3,15421.13,0,Earphones,1727,1254,3.7,42,10,4
875,311,P20,2024-10-18 08:00:00,4877,0,3,,1,52.0,1,50473.35,4,13411.24,0,LaptopAccessory,3366,1816,,42,10,4
876,68,P5,2024-10-18 16:00:00,4464,5,3,2.5,0,25.0,2,41830.15,2,13390.37,0,Cable,1212,1906,4.5,42,10,4
877,463,P24,2024-10-19 00:00:00,3333,0,3,1.7,0,27.0,2,29677.74,1,9064.04,1,Cable,2454,886,2.8,42,10,5
878,88,P8,2024-10-19 08:00:00,3620,10,3,2.5,0,41.0,2,19969.83,3,5823.23,0,Cable,795,346,4.5,42,10,5
879,217,P22,2024-10-19 16:00:00,1665,15,3,5.0,0,36.0,2,35383.33,4,11168.43,0,Smartwatch,3747,549,4.2,42,10,5
880,1,P1,2024-10-20 00:00:00,4309,10,1,2.8,0,56.0,3,48896.52,5,10718.59,0,Cable,994,364,,42,10,6
881,135,P8,2024-10-20 08:00:00,2411,5,3,3.7,0,47.0,3,33697.2,5,11864.35,0,Cable,795,346,4.5,42,10,6
882,185,P24,2024-10-20 16:00:00,3004,0,3,1.9,0,19.0,2,39753.66,3,8155.41,0,Cable,2454,886,2.8,42,10,6
883,351,P18,2024-10-21 00:00:00,1743,5,2,8.0,1,24.0,1,37410.59,6,9923.24,0,LaptopAccessory,2479,437,4.0,43,10,0
884,140,P20,2024-10-21 08:00:00,1889,10,1,4.1,0,46.0,3,28483.04,4,8887.49,1,LaptopAccessory,3366,1816,,43,10,0
885,106,P16,2024-10-21 16:00:00,1771,5,3,6.3,1,40.0,2,40446.34,2,9933.39,0,Cable,456,191,2.7,43,10,0
886,133,P18,2024-10-22 00:00:00,4741,20,3,5.0,0,49.0,1,63693.58,2,20749.43,0,LaptopAccessory,2479,437,4.0,43,10,1
887,108,P20,2024-10-22 08:00:00,3479,10,3,3.9,0,54.0,3,32259.33,3,7377.29,0,LaptopAccessory,3366,1816,,43,10,1
888,178,P12,2024-10-22 16:00:00,3741,5,2,3.8,0,29.0,2,28025.54,5,6789.89,0,Cable,1852,828,2.6,43,10,1
889,298,P13,2024-10-23 00:00:00,3223,0,2,2.5,0,47.0,1,15000.0,4,5101.24,0,LaptopAccessory,2420,1277,,43,10,2
890,358,P13,2024-10-23 08:00:00,1018,5,2,3.1,0,29.0,1,45937.05,5,11723.15,0,LaptopAccessory,2420,1277,,43,10,2
891,380,P10,2024-10-23 16:00:00,4721,0,3,2.0,0,49.0,1,20755.12,2,4184.24,0,Earphones,856,957,3.3,43,10,2
892,396,P7,2024-10-24 00:00:00,1324,20,2,1.8,0,26.0,2,37054.75,4,13164.98,0,LaptopAccessory,1877,1096,5.0,43,10,3
893,359,P25,2024-10-24 08:00:00,1329,5,3,8.2,1,40.0,1,47410.45,4,16832.47,0,Earphones,3991,372,,43,10,3
894,146,P14,2024-10-24 16:00:00,1902,20,1,4.6,0,45.0,2,36790.17,8,14139.55,0,Cable,3385,253,3.6,43,10,3
895,450,P24,2024-10-25 00:00:00,2201,10,3,6.9,1,44.0,2,41883.65,3,11098.96,0,Cable,2454,886,2.8,43,10,4
896,74,P16,2024-10-25 08:00:00,4078,0,2,2.4,0,,3,,7,16060.61,0,Cable,456,191,2.7,43,10,4
897,463,P15,2024-10-25 16:00:00,4572,10,1,1.5,0,27.0,2,29677.74,1,9064.04,1,Cable,3804,1809,2.6,43,10,4
898,478,P12,2024-10-26 00:00:00,2006,0,3,2.0,0,51.0,2,44217.87,4,15310.05,0,Cable,1852,828,2.6,43,10,5
899,108,P9,2024-10-26 08:00:00,3147,20,1,3.2,0,54.0,3,32259.33,3,7377.29,0,LaptopAccessory,2448,630,4.0,43,10,5
900,122,P8,2024-10-26 16:00:00,3409,15,1,4.1,0,31.0,3,17716.59,4,4714.83,1,Cable,795,346,4.5,43,10,5
901,17,P18,2024-10-27 00:00:00,2352,5,1,3.7,0,19.0,3,43165.26,2,7976.69,0,LaptopAccessory,2479,437,4.0,43,10,6
902,196,P23,2024-10-27 08:00:00,4841,20,3,2.5,0,23.0,2,56630.55,2,18408.63,0,Cable,858,909,3.0,43,10,6
903,327,P18,2024-10-27 16:00:00,4405,0,2,4.2,0,48.0,1,47842.53,1,9209.84,0,LaptopAccessory,2479,437,4.0,43,10,6
904,318,P13,2024-10-28 00:00:00,744,0,3,4.4,0,50.0,2,42963.99,1,9072.65,1,LaptopAccessory,2420,1277,,44,10,0
905,297,P18,2024-10-28 08:00:00,2601,0,2,5.4,0,38.0,2,43125.74,1,10857.95,1,LaptopAccessory,2479,437,4.0,44,10,0
906,479,P15,2024-10-28 16:00:00,2564,0,3,6.9,1,58.0,1,41563.02,3,13479.6,0,Cable,3804,1809,2.6,44,10,0
907,499,P4,2024-10-29 00:00:00,1489,5,3,3.3,0,40.0,2,30979.49,2,8366.62,0,Cable,885,254,4.3,44,10,1
908,252,P17,2024-10-29 08:00:00,3965,10,3,,1,33.0,2,23948.73,1,4525.92,1,Earphones,1034,1556,3.5,44,10,1
909,487,P5,2024-10-29 16:00:00,2075,15,2,4.1,0,53.0,1,42698.41,7,9541.44,0,Cable,1212,1906,4.5,44,10,1
910,119,P22,2024-10-30 00:00:00,4628,5,3,1.0,0,18.0,1,61704.67,2,17119.53,0,Smartwatch,3747,549,4.2,44,10,2
911,162,P16,2024-10-30 08:00:00,4887,0,1,7.6,1,58.0,1,31438.81,4,7692.45,0,Cable,456,191,2.7,44,10,2
912,198,P9,2024-10-30 16:00:00,982,5,3,8.5,1,21.0,1,47609.11,1,8212.83,0,LaptopAccessory,2448,630,4.0,44,10,2
913,498,P10,2024-10-31 00:00:00,739,20,1,5.2,0,41.0,1,,3,7172.72,0,Earphones,856,957,3.3,44,10,3
914,486,P24,2024-10-31 08:00:00,2982,0,2,4.2,0,38.0,2,23446.16,1,5250.04,1,Cable,2454,886,2.8,44,10,3
915,45,P18,2024-10-31 16:00:00,2868,15,2,3.5,0,37.0,1,64982.12,2,22798.7,0,LaptopAccessory,2479,437,4.0,44,10,3
916,314,P17,2024-11-01 00:00:00,4914,0,3,3.1,0,41.0,2,49527.58,2,16780.81,0,Earphones,1034,1556,3.5,44,11,4
917,179,P18,2024-11-01 08:00:00,4137,15,3,6.4,1,56.0,3,19310.21,4,5891.18,1,LaptopAccessory,2479,437,4.0,44,11,4
918,382,P7,2024-11-01 16:00:00,3156,15,3,4.0,0,52.0,2,32593.65,3,10787.19,0,LaptopAccessory,1877,1096,5.0,44,11,4
919,418,P4,2024-11-02 00:00:00,3922,10,1,7.3,1,45.0,3,43261.49,3,13302.7,0,Cable,885,254,4.3,44,11,5
920,44,P5,2024-11-02 08:00:00,4067,10,2,4.1,0,19.0,1,54740.36,2,11369.47,0,Cable,1212,1906,4.5,44,11,5
921,271,P23,2024-11-02 16:00:00,2033,5,1,3.2,0,,1,38653.96,3,10342.06,0,Cable,858,909,3.0,44,11,5
922,78,P16,2024-11-03 00:00:00,2346,5,1,2.8,0,58.0,3,31563.0,3,11815.11,0,Cable,456,191,2.7,44,11,6
923,326,P3,2024-11-03 08:00:00,2370,15,3,2.5,0,59.0,1,46362.49,1,9108.92,0,LaptopAccessory,451,1202,,44,11,6
924,178,P18,2024-11-03 16:00:00,3591,0,3,5.0,0,29.0,2,28025.54,5,6789.89,0,LaptopAccessory,2479,437,4.0,44,11,6
925,357,P23,2024-11-04 00:00:00,1816,20,1,1.4,0,31.0,2,30616.56,6,13675.69,0,Cable,858,909,3.0,45,11,0
926,498,P21,2024-11-04 08:00:00,4817,20,1,2.4,0,41.0,1,,3,7172.72,0,Earphones,1727,1254,3.7,45,11,0
927,416,P14,2024-11-04 16:00:00,1116,0,3,6.6,1,46.0,3,68710.47,6,17439.77,0,Cable,3385,253,3.6,45,11,0
928,451,P15,2024-11-05 00:00:00,2956,0,3,2.1,0,37.0,1,37403.92,6,10950.17,0,Cable,3804,1809,2.6,45,11,1
929,3,P17,2024-11-05 08:00:00,2136,10,1,5.7,0,32.0,3,44892.0,6,12755.04,0,Earphones,1034,1556,3.5,45,11,1
930,214,P1,2024-11-05 16:00:00,4242,20,3,1.0,0,20.0,2,51193.8,3,17794.96,0,Cable,994,364,,45,11,1
931,342,P25,2024-11-06 00:00:00,3291,15,3,6.9,1,26.0,3,63609.8,5,19525.19,0,Earphones,3991,372,,45,11,2
932,74,P21,2024-11-06 08:00:00,4855,5,1,1.5,0,,3,,7,16060.61,0,Earphones,1727,1254,3.7,45,11,2
933,51,P17,2024-11-06 16:00:00,1168,10,1,2.2,0,34.0,3,47764.89,4,10820.26,0,Earphones,1034,1556,3.5,45,11,2
934,67,P23,2024-11-07 00:00:00,3564,20,2,5.4,0,32.0,2,31365.43,3,8362.39,0,Cable,858,909,3.0,45,11,3
935,332,P25,2024-11-07 08:00:00,3403,0,1,4.5,0,39.0,3,46544.86,3,16388.39,0,Earphones,3991,372,,45,11,3
936,93,P11,2024-11-07 16:00:00,1089,20,3,5.8,0,52.0,3,52508.83,1,11260.18,1,LaptopAccessory,1405,637,3.9,45,11,3
937,176,P17,2024-11-08 00:00:00,992,15,1,1.4,0,,3,70153.07,3,23648.51,0,Earphones,1034,1556,3.5,45,11,4
938,145,P14,2024-11-08 08:00:00,3658,10,1,3.4,0,39.0,3,54764.84,2,18065.28,0,Cable,3385,253,3.6,45,11,4
939,7,P20,2024-11-08 16:00:00,1181,0,1,2.8,0,36.0,2,32159.15,3,9890.83,0,LaptopAccessory,3366,1816,,45,11,4
940,269,P19,2024-11-09 00:00:00,3731,15,2,1.8,0,35.0,1,42947.82,1,8911.11,0,Earphones,3709,1603,3.7,45,11,5
941,376,P21,2024-11-09 08:00:00,3729,5,2,5.2,0,22.0,3,45197.56,2,11379.36,0,Earphones,1727,1254,3.7,45,11,5
942,322,P7,2024-11-09 16:00:00,1001,10,3,5.9,0,50.0,3,42968.66,3,13012.14,0,LaptopAccessory,1877,1096,5.0,45,11,5
943,4,P24,2024-11-10 00:00:00,242,15,2,3.3,0,25.0,3,21233.3,5,7292.6,1,Cable,2454,886,2.8,45,11,6
944,138,P13,2024-11-10 08:00:00,3549,15,1,7.0,1,56.0,2,26220.22,3,6972.52,0,LaptopAccessory,2420,1277,,45,11,6
945,231,P18,2024-11-10 16:00:00,1977,0,2,2.4,0,28.0,2,57925.7,6,19832.03,0,LaptopAccessory,2479,437,4.0,45,11,6
946,88,P23,2024-11-11 00:00:00,3401,5,1,7.0,1,41.0,2,19969.83,3,5823.23,0,Cable,858,909,3.0,46,11,0
947,17,P14,2024-11-11 08:00:00,549,15,2,5.1,0,19.0,3,43165.26,2,7976.69,0,Cable,3385,253,3.6,46,11,0
948,52,P1,2024-11-11 16:00:00,1767,10,2,1.6,0,53.0,3,29113.84,2,8551.1,1,Cable,994,364,,46,11,0
949,134,P7,2024-11-12 00:00:00,1329,15,2,8.0,1,21.0,3,32157.1,2,8133.28,0,LaptopAccessory,1877,1096,5.0,46,11,1
950,211,P8,2024-11-12 08:00:00,3159,20,1,3.1,0,23.0,1,42866.49,7,9811.88,0,Cable,795,346,4.5,46,11,1
951,325,P18,2024-11-12 16:00:00,3987,10,2,6.4,1,42.0,3,35194.79,3,9150.43,0,LaptopAccessory,2479,437,4.0,46,11,1
